date,Rm,CSAD,abs_Rm,Rm_sq,N,CSAD_fitted,residual
2020-02-04,0.0182007286565308,0.0168675925826218,0.0182007286565308,0.0003312665236286,26,0.018176554333150696,-0.0013089617505288968
2020-02-05,0.0117835264597567,0.0213529005221402,0.0117835264597567,0.0001388514958277,26,0.016419320590022286,0.0049335799321179145
2020-02-06,0.0023072352883258,0.0154685119739343,0.0023072352883258,5.323334675696082e-06,26,0.01380055315809913,0.0016679588158351709
2020-02-07,0.0049793991680292,0.0124910693098139,0.0049793991680292,2.4794416074569963e-05,26,0.014541884183903642,-0.0020508148740897413
2020-02-10,0.000708881274903,0.0155000589619995,0.000708881274903,5.025126619082065e-07,26,0.013356044971622624,0.002144013990376876
2020-02-11,-0.0006201638033382,0.0141114492350941,0.0006201638033382,3.846031429709687e-07,26,0.013331348604041551,0.0007801006310525493
2020-02-12,0.0035658998697198,0.0148976889332427,0.0035658998697198,1.2715641880868288e-05,26,0.014150022813969165,0.0007476661192735348
2020-02-13,0.0061886809022905,0.0160705687340798,0.0061886809022905,3.829977131037553e-05,26,0.014876628339463493,0.0011939403946163076
2020-02-14,0.0005410938910265,0.0171251565066495,0.0005410938910265,2.927825989062734e-07,26,0.013309335735192393,0.003815820771457106
2020-02-17,-0.0058689500043992,0.0197975089561151,0.0058689500043992,3.4444574154137914e-05,26,0.014788167922292,0.005009341033823099
2020-02-18,0.0003936710257484,0.0162206892108314,0.0003936710257484,1.549768765138253e-07,26,0.013268288283317976,0.0029524009275134246
2020-02-19,0.0214115188545017,0.0196457643427191,0.0214115188545017,0.0004584531396566,26,0.019050873722375978,0.0005948906203431213
2020-02-20,0.0005447222672426,0.0138670820535546,0.0005447222672426,2.967223484300231e-07,26,0.013310345909555715,0.0005567361439988844
2020-02-24,-0.0199733229349925,0.014312369917282,0.0199733229349925,0.0003989336290654,26,0.01865964730373119,-0.0043472773864491904
2020-02-25,-0.0032777906019572,0.0157631472590118,0.0032777906019572,1.0743911230279595e-05,26,0.014070073242215738,0.001693074016796062
2020-02-26,-0.0113073096090162,0.0168927940114824,0.0113073096090162,0.0001278552505941,26,0.016288397279299847,0.0006043967321825543
2020-02-27,-0.0075603609885209,0.0125730323988886,0.0075603609885209,5.715905827674918e-05,26,0.015255765566322263,-0.002682733167433662
2020-02-28,-0.0522695528912936,0.0240612016870055,0.0522695528912936,0.0027321061594557,26,0.027287186898014678,-0.0032259852110091795
2020-03-02,-0.0085854434519419,0.0186394727272689,0.0085854434519419,7.370983926649366e-05,26,0.015538712796147847,0.0031007599311210516
2020-03-03,0.0269739366552664,0.0161240677551146,0.0269739366552664,0.0007275932586823,26,0.020557826518620405,-0.004433758763505803
2020-03-04,-0.0115692943896283,0.0238622936709918,0.0115692943896283,0.0001338485726738,26,0.016360432001905987,0.007501861669085813
2020-03-05,0.0058105326049147,0.0165268942651613,0.0058105326049147,3.376228915277744e-05,26,0.01477200199527403,0.0017548922698872697
2020-03-06,-0.0190368533555686,0.0194696950753844,0.0190368533555686,0.0003624017856814,26,0.018404551135062657,0.0010651439403217416
2020-03-09,-0.0463502759442261,0.0145420844504187,0.0463502759442261,0.0021483480801059,26,0.025730657622768233,-0.011188573172349532
2020-03-11,-0.0173175427453379,0.016967615599334,0.0173175427453379,0.0002998972867366,26,0.017935484212065173,-0.0009678686127311716
2020-03-12,-0.0872284672248801,0.036803625471704,0.0872284672248801,0.0076088054944019,26,0.036253587115790326,0.0005500383559136762
2020-03-13,0.0334830024189811,0.0271268813012797,0.0334830024189811,0.0011211114509895,26,0.02230879548305577,0.004818085818223933
2020-03-16,-0.0560505208415009,0.0247746070839886,0.0560505208415009,0.0031416608866035,26,0.028275618002095857,-0.0035010109181072557
2020-03-17,-0.0262437594820878,0.0305975648619272,0.0262437594820878,0.0006887349117536,26,0.020360568131511932,0.010236996730415268
2020-03-18,-0.0501506723268859,0.0289324531824165,0.0501506723268859,0.0025150899348386,26,0.026731283012507157,0.0022011701699093424
2020-03-19,-0.0240436570989377,0.0311948980844511,0.0240436570989377,0.0005780974466913,26,0.019765186147677284,0.011429711936773817
2020-03-20,0.0519863529252071,0.0402639173995769,0.0519863529252071,0.0027025808904641,26,0.027212969656484277,0.013050947743092626
2020-03-23,-0.115723079057824,0.045011773216252,0.115723079057824,0.0133918310266233,26,0.04327558336628391,0.001736189849968088
2020-03-24,0.0304118651630016,0.0354580449432768,0.0304118651630016,0.0009248815426925,26,0.02148431780002866,0.013973727143248137
2020-03-25,0.0386497972757192,0.038141062192906,0.0386497972757192,0.0014938068294541,26,0.02368913111114788,0.014451931081758119
2020-03-26,0.0356406654684872,0.0335000365068617,0.0356406654684872,0.0012702570350366,26,0.022886254675735324,0.010613781831126379
2020-03-27,-0.0178393210852877,0.0340136842842055,0.0178393210852877,0.0003182413767839,26,0.01807793615589929,0.015935748128306212
2020-03-30,-0.0130957994526301,0.0272255012696007,0.0130957994526301,0.0001714999633035,26,0.01677972378947038,0.010445777480130317
2020-03-31,0.0340410409546373,0.0258752912356285,0.0340410409546373,0.0011587924692752,26,0.02245828572997436,0.003417005505654141
2020-04-01,-0.0154587527411582,0.0194754426270065,0.0154587527411582,0.0002389730363122,26,0.017427310588430316,0.002048132038576185
2020-04-03,0.0042572098909587,0.0353966695323107,0.0042572098909587,1.812383605567708e-05,26,0.01434175229015005,0.021054917242160652
2020-04-07,0.0813084317056388,0.0309031944851032,0.0813084317056388,0.0066110610664305,26,0.034762425096858285,-0.0038592306117550858
2020-04-08,0.0216940608941316,0.0208313465678504,0.0216940608941316,0.0004706322780782,26,0.01912765543654318,0.0017036911313072188
2020-04-09,0.0485486904802484,0.0291097390924021,0.0485486904802484,0.0023569753473469,26,0.02631004707506262,0.00279969201733948
2020-04-13,0.0005227332744414,0.0308367633331378,0.0005227332744414,2.732500762082696e-07,26,0.0133042239013819,0.017532539431755898
2020-04-15,-0.0058259783123077,0.0223088269397167,0.0058259783123077,3.39420232954805e-05,26,0.014776276412188179,0.007532550527528522
2020-04-16,0.0248407284983816,0.0223411362925299,0.0248407284983816,0.0006170617923303,26,0.019981063236955258,0.002360073055574643
2020-04-17,0.0167676298293712,0.0179849980320034,0.0167676298293712,0.0002811534100948,26,0.017785257825378698,0.00019974020662470032
2020-04-20,0.0120348707043753,0.0237958343479736,0.0120348707043753,0.000144838112871,26,0.016488392118394448,0.007307442229579152
2020-04-21,-0.0136876618198221,0.034748810297762,0.0136876618198221,0.0001873520860938,26,0.016942094592512495,0.017806715705249505
2020-04-22,0.017506309059419,0.0204535449960461,0.017506309059419,0.0003064708568838,26,0.017987029709531335,0.0024665152865147658
2020-04-23,0.0071231545531139,0.0201057356927013,0.0071231545531139,5.073933078754806e-05,26,0.015134984880042363,0.004970750812658936
2020-04-24,-0.0126910929387408,0.0333314845965003,0.0126910929387408,0.0001610638399797,26,0.016668633207316277,0.016662851389184025
2020-04-27,0.0189675325754208,0.0212714771046885,0.0189675325754208,0.0003597672919996,26,0.01838565697269806,0.00288582013199044
2020-04-28,0.0065960539583676,0.0234998021152168,0.0065960539583676,4.350792782169765e-05,26,0.014989289920543443,0.008510512194673359
2020-04-29,0.009651712084078,0.0191680276106731,0.009651712084078,9.315554615393809e-05,26,0.015832675151947737,0.003335352458725363
2020-04-30,0.0163603498314463,0.0262875948088191,0.0163603498314463,0.0002676610466073,26,0.01767393444985358,0.00861366035896552
2020-05-04,-0.0361780338829551,0.0298623570877475,0.0361780338829551,0.0013088501356362,26,0.023029842128749162,0.006832514958998337
2020-05-05,-0.0097661650866758,0.0157114279053032,0.0097661650866758,9.537798050020646e-05,26,0.015864207589379026,-0.00015277968407582596
2020-05-06,0.0079904545178069,0.0183569491233422,0.0079904545178069,6.384736340114151e-05,26,0.015374522183886267,0.0029824269394559313
2020-05-07,-0.002442059373071,0.0114278218247378,0.002442059373071,5.963653981604153e-06,26,0.013838011220964395,-0.002410189396226595
2020-05-08,0.0016972440606875,0.0240234026216514,0.0016972440606875,2.8806374015391268e-06,26,0.013631007835314872,0.010392394786336528
2020-05-11,0.0052660767774622,0.0220184095758071,0.0052660767774622,2.773156462612768e-05,26,0.014621281992622952,0.007397127583184147
2020-05-12,0.0048161919620252,0.0161990511935074,0.0048161919620252,2.3195705015076247e-05,26,0.01449667092538037,0.0017023802681270309
2020-05-13,0.0194398407453994,0.0256161191885444,0.0194398407453994,0.0003779074082064,26,0.018514359753916906,0.007101759434627493
2020-05-14,-0.0076042043093951,0.0154563616140593,0.0076042043093951,5.782392317902412e-05,26,0.015267874184293624,0.0001884874297656755
2020-05-15,-0.00450756002192,0.0119548737411079,0.00450756002192,2.0318097351211576e-05,26,0.014411147614800017,-0.002456273873692117
2020-05-18,-0.0289726430360491,0.0222232904219781,0.0289726430360491,0.0008394140444943,26,0.021096915857212305,0.001126374564765796
2020-05-19,0.0181778537830101,0.0233428153636498,0.0181778537830101,0.0003304343681564,26,0.01817031363656497,0.005172501727084829
2020-05-20,0.0271878458907307,0.0144488919738381,0.0271878458907307,0.0007391789641781,26,0.02061558240827778,-0.006166690434439679
2020-05-21,0.0042132141833745,0.0193177805889778,0.0042132141833745,1.7751173754988387e-05,26,0.014329554932951684,0.004988225656026116
2020-05-22,-0.0022241040452894,0.0224913128197416,0.0022241040452894,4.946638804272844e-06,26,0.01377745400410321,0.00871385881563839
2020-05-26,0.0083535451834188,0.0257691275536564,0.0083535451834188,6.978171713141995e-05,26,0.015474732475533819,0.010294395078122583
2020-05-27,0.0065981041294018,0.0196721719020756,0.0065981041294018,4.3534978102429535e-05,26,0.01498985677527338,0.004682315126802221
2020-05-28,0.0066842241046856,0.0146149210278472,0.0066842241046856,4.467885188166054e-05,26,0.015013667007944735,-0.0003987459800975351
2020-05-29,0.0136378552136376,0.0188911148896505,0.0136378552136376,0.0001859910948281,26,0.016928434985339785,0.001962679904310715
2020-06-01,0.023264976309702,0.0296685402216346,0.023264976309702,0.0005412591226909,26,0.019554095564010204,0.010114444657624396
2020-06-02,0.0175108533640821,0.0267525428475923,0.0175108533640821,0.0003066299855383,26,0.017988270461504696,0.008764272386087603
2020-06-03,-0.0003309851718168,0.0139020143122715,0.0003309851718168,1.095511839626578e-07,26,0.013250832360554318,0.0006511819517171814
2020-06-04,0.0049994469207615,0.0195216924007281,0.0049994469207615,2.4994469513512184e-05,26,0.014547437426730864,0.004974254973997236
2020-06-05,0.0132445326431086,0.0177805115839224,0.0132445326431086,0.0001754176449343,26,0.016820537512650863,0.0009599740712715361
2020-06-08,0.0042399863673018,0.0193961758956136,0.0042399863673018,1.797748439490512e-05,26,0.014336977318495064,0.005059198577118534
2020-06-09,0.0004119878018854,0.0189624472497903,0.0004119878018854,1.697339489023987e-07,26,0.013273388660458735,0.005689058589331565
2020-06-10,0.0030175755782858,0.0109154375876095,0.0030175755782858,9.105762370667257e-06,26,0.013997841648632395,-0.0030824040610228955
2020-06-11,-0.0127537823452319,0.0121564069788014,0.0127537823452319,0.0001626589641095,26,0.016685844635759957,-0.004529437656958556
2020-06-12,0.0068248369096214,0.012207996163879,0.0068248369096214,4.657839884293099e-05,26,0.015052538229880808,-0.0028445420660018084
2020-06-15,-0.0015227589333613,0.0206078869415583,0.0015227589333613,2.318794769131888e-06,26,0.013582488508844465,0.007025398432713834
2020-06-16,0.000327418376514,0.0184954396440268,0.000327418376514,1.0720279327910372e-07,26,0.013249839089410206,0.0052456005546165935
2020-06-17,0.0015663295627065,0.012747695527532,0.0015663295627065,2.4533882990084548e-06,26,0.013594605159014641,-0.0008469096314826403
2020-06-18,0.0181277330908004,0.0269018704197797,0.0181277330908004,0.0003286147070113,26,0.01815663918763061,0.008745231232149087
2020-06-19,0.019280423674331,0.0224643108094879,0.019280423674331,0.0003717347370617,26,0.01847092690682976,0.003993383902658142
2020-06-22,0.0135234087188069,0.0177199347141416,0.0135234087188069,0.0001828825833759,26,0.016897044722192354,0.0008228899919492452
2020-06-23,0.0175262474826344,0.0153519732799931,0.0175262474826344,0.0003071693508225,26,0.01799247353841976,-0.002640500258426659
2020-06-24,-0.0166786782892777,0.014362110485244,0.0166786782892777,0.0002781783094772,26,0.01776094885139929,-0.0033988383661552896
2020-06-25,0.0013894445036148,0.0160252401533618,0.0013894445036148,1.9305560286255177e-06,26,0.013545411076441595,0.002479829076920204
2020-06-26,-0.0003510085059066,0.0178354084533788,0.0003510085059066,1.2320697121881656e-07,26,0.013256408327602848,0.004579000125775952
2020-06-29,-0.0131531683568925,0.0097549670689331,0.0131531683568925,0.0001730058378247,26,0.01679546716229561,-0.007040500093362509
2020-06-30,-0.0081370518473598,0.0139412183679859,0.0081370518473598,6.621161276662227e-05,26,0.015414986971213445,-0.0014737686032275446
2020-07-01,0.0059986345523849,0.0196197278516194,0.0059986345523849,3.598361649306702e-05,26,0.014824051840801891,0.004795676010817509
2020-07-02,0.0101067709346929,0.0135371013415531,0.0101067709346929,0.0001021468187263,26,0.01595802183837799,-0.002420920496824892
2020-07-03,0.0108621316786941,0.0155237385627568,0.0108621316786941,0.0001179859046052,26,0.016165942327854385,-0.0006422037650975852
2020-07-06,0.0164279616514145,0.021533805721476,0.0164279616514145,0.0002698779240203,26,0.0176924186811338,0.0038413870403422
2020-07-07,0.0068781247009068,0.0187381386258731,0.0068781247009068,4.730859940122554e-05,26,0.015067267552819832,0.003670871073053269
2020-07-08,-0.0065691031962863,0.0178912845344742,0.0065691031962863,4.315311680345938e-05,26,0.01498183814186745,0.0029094463926067522
2020-07-09,0.0084942950269426,0.0153580393699308,0.0084942950269426,7.215304800474302e-05,26,0.015513567139730502,-0.0001555277697997022
2020-07-10,-0.0050181980981469,0.0149783276221462,0.0050181980981469,2.518231215224524e-05,26,0.014552631401950579,0.00042569622019562187
2020-07-13,0.004631334082279,0.0183361639340125,0.004631334082279,2.1449255381679827e-05,26,0.01444544959283613,0.0038907143411763684
2020-07-14,-0.0085661218383582,0.0178466661489158,0.0085661218383582,7.337844334959884e-05,26,0.015533382647891607,0.0023132835010241937
2020-07-15,-0.0066316112939001,0.0139492871127021,0.0066316112939001,4.397826835338402e-05,26,0.014999121030516137,-0.0010498339178140366
2020-07-16,0.0018206418658478,0.0187515303431779,0.0018206418658478,3.3147368036778847e-06,26,0.013665315414996005,0.005086214928181896
2020-07-17,0.0187094984372301,0.0137935895269508,0.0187094984372301,0.0003500453317727,26,0.01831531347053006,-0.00452172394357926
2020-07-20,0.0069655117763555,0.0194578480662123,0.0069655117763555,4.851835430654802e-05,26,0.01509142034007153,0.00436642772614077
2020-07-21,0.0010407109631019,0.0173426779868474,0.0010407109631019,1.0830793087205817e-06,26,0.013448394614147867,0.003894283372699533
2020-07-22,0.0016766104718966,0.0189394384713504,0.0016766104718966,2.8110226744735547e-06,26,0.013625270726923822,0.0053141677444265775
2020-07-23,0.0097288276627717,0.0155136407457162,0.0097288276627717,9.465008769191304e-05,26,0.01585392137797279,-0.0003402806322565892
2020-07-24,-0.0043517831111766,0.0166531628971937,0.0043517831111766,1.893801624672249e-05,26,0.014367969666350776,0.0022851932308429242
2020-07-27,-0.0065520337532219,0.0159421378385649,0.0065520337532219,4.292914630335922e-05,26,0.01497711838962678,0.0009650194489381203
2020-07-28,0.0083974942485682,0.0157360142243286,0.0083974942485682,7.051790965473762e-05,26,0.015486859253066167,0.000249154971262433
2020-07-29,0.0114010767584679,0.0157165126083247,0.0114010767584679,0.0001299845512524,26,0.016314181774040138,-0.0005976691657154365
2020-07-30,0.0026492405928653,0.0221634111569357,0.0026492405928653,7.018475718885755e-06,26,0.013895560981931876,0.008267850175003826
2020-07-31,0.0171906851025697,0.0261436015278534,0.0171906851025697,0.0002955196542957,26,0.01790083747124238,0.008242764056611018
2020-08-03,0.0090877338194477,0.0232715999796935,0.0090877338194477,8.258690597313439e-05,26,0.015677235399965517,0.007594364579727984
2020-08-04,0.0115007199114637,0.013122777167765,0.0115007199114637,0.0001322665584819,26,0.016341579024717938,-0.0032188018569529377
2020-08-05,0.001039031548856,0.0134152073453683,0.001039031548856,1.0795865595182995e-06,26,0.013447927313704299,-3.271996833599869e-05
2020-08-06,0.0046798732715534,0.0116583652318736,0.0046798732715534,2.190121383780061e-05,26,0.014458900118816762,-0.0028005348869431616
2020-08-07,0.0055592575084955,0.0207737533656816,0.0055592575084955,3.0905344045763744e-05,26,0.014702453966516002,0.006071299399165597
2020-08-10,0.029065295178118,0.0325619313695868,0.029065295178118,0.0008447913837911,26,0.021121875217557,0.011440056152029802
2020-08-11,-0.0025769090714931,0.0157415602867361,0.0025769090714931,6.64046036274357e-06,26,0.013875470639496196,0.001866089647239902
2020-08-12,-0.0025670252902658,0.0155556647414571,0.0025670252902658,6.589618840864314e-06,26,0.013872725254686295,0.0016829394867708038
2020-08-13,0.0075423405835747,0.0140770427736692,0.0075423405835747,5.6886901478638974e-05,26,0.01525078852677984,-0.0011737457531106402
2020-08-14,-0.0048083727233887,0.0211801005914417,0.0048083727233887,2.312044824702902e-05,26,0.014494504551480214,0.0066855960399614875
2020-08-17,0.0111717206534524,0.0179318398817655,0.0111717206534524,0.0001248073423587,26,0.01625110751794703,0.0016807323638184692
2020-08-18,0.008048458093705,0.0128922700872189,0.008048458093705,6.4777677686127e-05,26,0.015390533537591795,-0.002498263450372896
2020-08-19,0.0107357703756553,0.0168780325215396,0.0107357703756553,0.0001152567655587,26,0.016131172724224013,0.0007468597973155876
2020-08-20,0.0013834242420503,0.0166760376653248,0.0013834242420503,1.9138626334924885e-06,26,0.013543736587370278,0.003132301077954522
2020-08-21,0.010564406498273,0.0166858511016054,0.010564406498273,0.0001116066846607,26,0.01608401212059729,0.0006018389810081085
2020-08-24,0.0238914248901265,0.0351508021804938,0.0238914248901265,0.0005708001832805,26,0.01972393301416975,0.015426869166324051
2020-08-25,0.0185384529774836,0.0340311369725141,0.0185384529774836,0.0003436742387983,26,0.018268672601132494,0.015762464371381606
2020-08-26,0.0090754142296951,0.0201321786662151,0.0090754142296951,8.23631434405534e-05,26,0.01567383883599016,0.0044583398302249395
2020-08-27,0.0039048807633975,0.0167523317751715,0.0039048807633975,1.524809377635244e-05,26,0.014244055456524553,0.002508276318646946
2020-08-28,-0.0044079580455003,0.0175276303859935,0.0044079580455003,1.9430094130891404e-05,26,0.014383541014336197,0.003144089371657303
2020-08-31,-0.0398682444431521,0.016719940592949,0.0398682444431521,0.0015894769149789,26,0.02401341306968213,-0.007293472476733127
2020-09-01,0.0226712223883047,0.0203045954538982,0.0226712223883047,0.0005139843245799,26,0.019393007247469007,0.0009115882064291911
2020-09-02,0.0177095630102095,0.0185411998395078,0.0177095630102095,0.0003136286220125,26,0.018042518653486467,0.0004986811860213346
2020-09-03,0.0117159472953497,0.015054317990245,0.0117159472953497,0.0001372634210274,26,0.016400745848869403,-0.0013464278586244032
2020-09-04,-0.0178081814423179,0.0106460280503947,0.0178081814423179,0.0003171313262825,26,0.018069437068215097,-0.007423409017820397
2020-09-07,-0.0003671157061525,0.0170623883922369,0.0003671157061525,1.3477394170385988e-07,26,0.013260893663137789,0.0038014947290991117
2020-09-08,-0.0079076073452234,0.0166656138437585,0.0079076073452234,6.253025392623262e-05,26,0.015351651135314273,0.001313962708444227
2020-09-09,-0.0016501685701707,0.0186725760463268,0.0016501685701707,2.723056309979489e-06,26,0.013617918437104458,0.005054657609222342
2020-09-10,0.0137236250878745,0.0130586695755778,0.0137236250878745,0.0001883378855525,26,0.016951957135163842,-0.003893287559586043
2020-09-11,0.0082217587160253,0.0129473015525357,0.0082217587160253,6.759731638453811e-05,26,0.015438365230856371,-0.0024910636783206704
2020-09-14,0.0127885564081951,0.0250863107300203,0.0127885564081951,0.0001635471750055,26,0.016695391346655816,0.008390919383364486
2020-09-15,0.0111431944784078,0.014817540935196,0.0111431944784078,0.0001241707831836,26,0.016243261489428652,-0.001425720554232653
2020-09-16,0.006816860434581,0.0105929011262044,0.006816860434581,4.646958618455706e-05,26,0.015050333368336877,-0.004457432242132478
2020-09-17,-0.004033121123556,0.0133483289078585,0.004033121123556,1.6266065997274326e-05,26,0.014279619592501399,-0.0009312906846428992
2020-09-18,0.0136502738634012,0.025606160073692,0.0136502738634012,0.0001863299765458,26,0.01693184090984765,0.008674319163844351
2020-09-21,-0.037035996747894,0.015606292003991,0.037035996747894,0.00137166505511,26,0.02325890434120079,-0.007652612337209791
2020-09-22,-0.0092757635248337,0.0205462894021636,0.0092757635248337,8.603978896863541e-05,27,0.015729070032420602,0.004817219369742998
2020-09-23,0.0055981680582148,0.0252873706939092,0.0055981680582148,3.133948560801688e-05,27,0.014713224954081932,0.010574145739827269
2020-09-24,-0.027619641818768,0.0228732825758954,0.027619641818768,0.000762844614197,27,0.020732123942302953,0.0021411586335924465
2020-09-25,0.0321221774383335,0.0159696394826716,0.0321221774383335,0.0010318342833797,27,0.021943837014560437,-0.005974197531888836
2020-09-28,0.0266162755766055,0.0206340835784174,0.0266162755766055,0.0007084261255698,27,0.02046122498210463,0.00017285859631276795
2020-09-29,-0.0050086852242217,0.0153854869665368,0.0050086852242217,2.5086927675337667e-05,27,0.014549996400991473,0.0008354905655453271
2020-09-30,-0.0014743637994542,0.013467682310792,0.0014743637994542,2.1737486131411e-06,27,0.013569029496784252,-0.00010134718599225274
2020-10-01,0.0081409996388966,0.0136555735511379,0.0081409996388966,6.627587512051536e-05,27,0.015416076573213987,-0.0017605030220760876
2020-10-05,0.004292950254255,0.0183564062535474,0.004292950254255,1.8429421885508868e-05,27,0.014351660486665285,0.004004745766882116
2020-10-06,0.0049210688067919,0.0178117134468573,0.0049210688067919,2.421691820118117e-05,27,0.014525725905053608,0.003285987541803693
2020-10-07,-0.0065625902616429,0.0138048686624547,0.0065625902616429,4.306759094221115e-05,27,0.014980037306781326,-0.0011751686443266258
2020-10-08,0.0021745673089159,0.0189238804617227,0.0021745673089159,4.728742981006011e-06,27,0.013763688502668216,0.005160191959054483
2020-10-09,-0.0075302028314277,0.0103070727356999,0.0075302028314277,5.670395468244263e-05,27,0.015247436153872933,-0.004940363418173032
2020-10-12,-0.0061376584668468,0.0142241404567385,0.0061376584668468,3.767085145565706e-05,27,0.014862514059096015,-0.0006383736023575157
2020-10-13,-3.898692680350781e-05,0.0171626133404579,3.898692680350781e-05,1.5199804615820755e-09,27,0.013169504167585982,0.00399310917287192
2020-10-14,0.0072498950333245,0.0171307621875622,0.0072498950333245,5.256097799422418e-05,27,0.015170003869010743,0.001960758318551456
2020-10-15,-0.0194478899023121,0.0132299949514382,0.0194478899023121,0.0003782204216524,27,0.018516552516330068,-0.005286557564891868
2020-10-16,0.008110209066105,0.015011652917195,0.008110209066105,6.577549109593279e-05,27,0.015407578154221533,-0.0003959252370265322
2020-10-19,0.0022617858575259,0.0164970637243875,0.0022617858575259,5.115675265304572e-06,27,0.013787924682812014,0.002709139041575487
2020-10-20,0.0033903199532205,0.0070961311169443,0.0033903199532205,1.149426938520568e-05,27,0.01410130297403788,-0.007005171857093579
2020-10-21,-0.0033393037303061,0.0108740874084199,0.0033393037303061,1.1150949403236585e-05,27,0.014087145183178032,-0.0032130577747581327
2020-10-22,0.0061837634830479,0.0156705302347097,0.0061837634830479,3.8238930814277485e-05,27,0.014875268075084477,0.0007952621596252242
2020-10-23,0.0024598740149315,0.0108681075061007,0.0024598740149315,6.05098016933555e-06,27,0.013842960217291847,-0.0029748527111911477
2020-10-26,-0.0147517861008398,0.0124460250926603,0.0147517861008398,0.0002176151931649,27,0.01723374601347301,-0.004787720920812708
2020-10-27,0.0171955975497352,0.0162011458166018,0.0171955975497352,0.0002956885750924,27,0.01790217922975263,-0.0017010334131508306
2020-10-28,-0.0035614686525267,0.0184814567255461,0.0035614686525267,1.2684058962930822e-05,27,0.01414879336185864,0.004332663363687459
2020-10-29,0.005227535408503,0.0181760310382448,0.005227535408503,2.7327126447152988e-05,27,0.014610609146741532,0.003565421891503266
2020-10-30,0.0019328397191745,0.0177700438976517,0.0019328397191745,3.735869380018792e-06,27,0.01369650494946034,0.004073538948191359
2020-11-02,-0.0003648920472044,0.0167850860613489,0.0003648920472044,1.3314620611304896e-07,27,0.013260274450762293,0.0035248116105866065
2020-11-03,-0.000577971954421,0.014731362541231,0.000577971954421,3.340515800972856e-07,27,0.013319602743690652,0.0014117597975403483
2020-11-04,0.004806327558792,0.0154044924404709,0.004806327558792,2.310078460240368e-05,27,0.014493937921351854,0.0009105545191190455
2020-11-05,0.0183074003261305,0.0177086644074839,0.0183074003261305,0.0003351609067012,27,0.018205654185876458,-0.0004969897783925585
2020-11-06,0.0072376436677212,0.0132491582466005,0.0072376436677212,5.238348586090543e-05,27,0.015166618981437983,-0.0019174607348374836
2020-11-09,0.0058068633201251,0.0170796267377963,0.0058068633201251,3.3719661618615336e-05,27,0.014770986552978177,0.0023086401848181233
2020-11-10,-0.0074184800906366,0.0328368056999904,0.0074184800906366,5.503384685517168e-05,27,0.015216576824127878,0.017620228875862523
2020-11-11,0.0213493281493751,0.017655839737883,0.0213493281493751,0.0004557938124297,27,0.019033969800750766,-0.0013781300628677648
2020-11-12,0.0092879867648605,0.0142721214619646,0.0092879867648605,8.626669814422383e-05,27,0.015732439256693723,-0.001460317794729122
2020-11-13,0.0108991692253671,0.0168691847824396,0.0108991692253671,0.0001187918898031,27,0.016176132628587647,0.000693052153851955
2020-11-14,0.0041173856963565,0.0071308096921155,0.0041173856963565,1.695286497256186e-05,27,0.014302985348504861,-0.0071721756563893615
2020-11-17,0.0100785050694988,0.0230452684744766,0.0100785050694988,0.0001015762644359,27,0.015950237871690587,0.007095030602786014
2020-11-18,0.0109739814142528,0.021617077490108,0.0109739814142528,0.0001204282680803,27,0.01619671470483357,0.00542036278527443
2020-11-19,-0.0049368738675598,0.0149880594831653,0.0049368738675598,2.4372723584195585e-05,27,0.014530104221663271,0.00045795526150202784
2020-11-20,0.0171385603403481,0.0224193900918511,0.0171385603403481,0.0002937302505397,27,0.01788659993249957,0.00453279015935153
2020-11-23,0.0181783250000428,0.0213351071746274,0.0181783250000428,0.0003304514998071,28,0.018170442195124134,0.0031646649795032643
2020-11-24,0.0058054960326135,0.0124592149262282,0.0058054960326135,3.370378418469151e-05,28,0.014770608167093139,-0.0023113932408649392
2020-11-25,-0.0142481166710614,0.014928060308889,0.0142481166710614,0.0002030088286721,28,0.017095746792698197,-0.002167686483809198
2020-11-26,0.0161132533918673,0.0144483702506122,0.0161132533918673,0.0002596369348705,28,0.017606369035962546,-0.003157998785350346
2020-11-27,0.0162175457839141,0.0219445848145598,0.0162175457839141,0.0002630087912533,28,0.017634888838198998,0.0043096959763608035
2020-12-01,0.0192688863698344,0.0219977654412711,0.0192688863698344,0.0003712899819335,28,0.01846778327995083,0.003529982161320267
2020-12-02,0.0126223096174051,0.0201414063980019,0.0126223096174051,0.0001593227000776,28,0.01664974725700715,0.0034916591409947483
2020-12-03,0.0171800699403682,0.0212079280393432,0.0171800699403682,0.0002951548031559,28,0.017897938078738882,0.0033099899606043176
2020-12-04,0.0167893752896472,0.0279014188339333,0.0167893752896472,0.0002818831226166,28,0.017791200116081887,0.010110218717851414
2020-12-07,0.0104318987446896,0.0209934286466122,0.0104318987446896,0.0001088245114194,28,0.016047538630640165,0.004945890015972034
2020-12-08,-0.00705896890048,0.0145638500649979,0.00705896890048,4.9829041937944376e-05,28,0.015117248142012615,-0.0005533980770147159
2020-12-09,-0.0026387399795069,0.0113784357231244,0.0026387399795069,6.962948679448411e-06,28,0.013892644501329874,-0.0025142087782054744
2020-12-10,-0.009467085296452,0.0171641266106832,0.009467085296452,8.962570401029884e-05,28,0.015781800700303075,0.0013823259103801257
2020-12-11,-0.0001358392672812,0.0118835613475282,0.0001358392672812,1.845230653551857e-08,28,0.013196482754616955,-0.001312921407088755
2020-12-14,0.006420581722502,0.0138672967626182,0.006420581722502,4.122386965532743e-05,28,0.014940768415921275,-0.0010734716533030743
2020-12-15,0.0115565386192264,0.0228859694270683,0.0115565386192264,0.0001335535848576,29,0.016356925208701446,0.006529044218366854
2020-12-16,0.0162449957002336,0.0193327535898913,0.0162449957002336,0.0002638998853006,29,0.0176423947207029,0.0016903588691884013
2020-12-17,-0.000152386487094,0.0161049409804638,0.000152386487094,2.3221641448876163e-08,29,0.013201091748255185,0.0029038492322086135
2020-12-18,-0.0028726210811938,0.0172738308977536,0.0028726210811938,8.251951876119531e-06,29,0.013957595259034682,0.0033162356387189187
2020-12-21,-0.0366761149936009,0.0212927749024055,0.0366761149936009,0.0013451374110238,29,0.02316285012637743,-0.00187007522397193
2020-12-22,0.01802530824443,0.0163828691878412,0.01802530824443,0.0003249117373067,29,0.018128692099913666,-0.0017458229120724672
2020-12-23,0.0199976060322903,0.0151330557478252,0.0199976060322903,0.0003999042470226,29,0.018666258371885038,-0.0035332026240598377
2020-12-24,0.006675978895412,0.0124359149603838,0.006675978895412,4.456869421198688e-05,29,0.01501138749507793,-0.0025754725346941298
2020-12-28,0.0106986730495172,0.0163682833371394,0.0106986730495172,0.0001144616050204,29,0.016120964055330086,0.0002473192818093148
2020-12-29,-0.0048309201088906,0.0064999383021982,0.0048309201088906,2.3337789098483696e-05,29,0.01450075140726939,-0.00800081310507119
2020-12-30,0.0018092654240633,0.0080916948305642,0.0018092654240633,3.2734413747110403e-06,29,0.013662152690411664,-0.005570457859847463
2020-12-31,0.0031579557607714,0.0085384657225517,0.0031579557607714,9.972684586989645e-06,29,0.014036811641858847,-0.005498345919307148
2021-01-01,0.0103474189609142,0.0095736739777572,0.0103474189609142,0.0001070690791526,29,0.016024282200468944,-0.006450608222711745
2021-01-04,0.0166151565624286,0.0155501641504239,0.0166151565624286,0.000276063427594,29,0.017743587887484796,-0.002193423737060895
2021-01-05,0.007660313722423,0.0139412355136689,0.007660313722423,5.868040632594236e-05,29,0.015283369554698814,-0.0013421340410299139
2021-01-06,0.0049688143024934,0.0178943826151116,0.0049688143024934,2.468911557266361e-05,29,0.014538952116698917,0.003355430498412684
2021-01-07,0.003505426349182,0.0186030107526998,0.003505426349182,1.2288013889539572e-05,29,0.014133243750082583,0.004469767002617218
2021-01-08,0.0071286700101178,0.0129980245278586,0.0071286700101178,5.0817936113153605e-05,29,0.015136508932587642,-0.002138484404729043
2021-01-11,-0.0014504372038906,0.021713425153256,0.0014504372038906,2.103768082430041e-06,29,0.01356237507560869,0.00815105007764731
2021-01-12,-0.0002293762676825,0.0181509566815741,0.0002293762676825,5.26134721759799e-08,29,0.013222535020093353,0.004928421661480746
2021-01-13,-0.0095320537687195,0.0147813516811718,0.0095320537687195,9.08600490497606e-05,29,0.015799704184431496,-0.0010183525032596962
2021-01-14,0.0069181776603373,0.0133355317454937,0.0069181776603373,4.7861182139990354e-05,29,0.015078338032602823,-0.0017428062871091242
2021-01-15,-0.0074117757050672,0.0133807354854188,0.0074117757050672,5.493441910222509e-05,29,0.01521472485652287,-0.0018339893711040705
2021-01-18,-0.0223880089682067,0.0130791075028154,0.0223880089682067,0.0005012229455605,29,0.01931613073046209,-0.006237023227646691
2021-01-19,0.021898164027802,0.0158668214482868,0.021898164027802,0.0004795295877885,29,0.019183105390061756,-0.0033162839417749564
2021-01-20,0.0104370767918804,0.0151061248842764,0.0104370767918804,0.0001089325719596,29,0.016048964021127644,-0.000942839136851243
2021-01-21,-0.0088258804902612,0.015574508654455,0.0088258804902612,7.789616642837336e-05,29,0.015605030958330927,-3.0522303875927734e-05
2021-01-22,-0.0113673090157915,0.0167192160976822,0.0113673090157915,0.0001292157142604,29,0.016304896495615714,0.00041431960206648674
2021-01-25,-0.0061172179562543,0.0146452048446,0.0061172179562543,3.742035552432051e-05,29,0.014856859391672953,-0.00021165454707295327
2021-01-27,-0.0122098575914269,0.0181748126952886,0.0122098575914269,0.0001490806224029,29,0.016536468180256975,0.001638344515031625
2021-01-28,-0.0082823948692429,0.0120071738342034,0.0082823948692429,6.859806477006252e-05,29,0.015455098814575683,-0.003447924980372283
2021-01-29,-0.0155858586193298,0.015843905656916,0.0155858586193298,0.0002429189889017,29,0.017462094864407092,-0.0016181892074910928
2021-02-01,0.0293259617326125,0.0274118514792486,0.0293259617326125,0.0008600120315426,29,0.02119208102833077,0.00621977045091783
2021-02-02,0.0188803507155012,0.0218952380589935,0.0188803507155012,0.0003564676431403,29,0.01836189240976221,0.003533345649231287
2021-02-03,0.0142184645119411,0.0146888668140892,0.0142184645119411,0.0002021647330773,29,0.01708761996120366,-0.0023987531471144595
2021-02-04,0.0178008769365242,0.0179124844798013,0.0178008769365242,0.0003168712197092,29,0.018067443370969292,-0.00015495889116799375
2021-02-05,0.0059416603073193,0.0198239427264554,0.0059416603073193,3.530332720757451e-05,29,0.014808287633754497,0.005015655092700903
2021-02-08,0.0203850720140612,0.0168581221028927,0.0203850720140612,0.0004155511610184,29,0.018771720632126315,-0.0019135985292336143
2021-02-09,0.0063672210693389,0.0223668244235231,0.0063672210693389,4.054150414583372e-05,29,0.014926011217576978,0.0074408132059461205
2021-02-10,0.0145719326031917,0.018867603836338,0.0145719326031917,0.0002123412197919,29,0.017184477595686285,0.001683126240651714
2021-02-11,0.0205238652511363,0.0299129361627309,0.0205238652511363,0.0004212290448468,29,0.018809486438894366,0.011103449723836534
2021-02-12,0.0079880281666695,0.0242593473860591,0.0079880281666695,6.380859399150672e-05,29,0.01537385238874197,0.008885494997317129
2021-02-15,0.0087755870160044,0.0238504699803135,0.0087755870160044,7.70109274754662e-05,29,0.015591160355947493,0.008259309624366006
2021-02-16,0.0079563049679814,0.0164536734978425,0.0079563049679814,6.330278874352676e-05,29,0.015365095016201372,0.001088578481641126
2021-02-17,0.004233615477237,0.0189225606922866,0.004233615477237,1.792350000910076e-05,29,0.014335211057990013,0.0045873496342965885
2021-02-18,0.0054884935457277,0.017154377470136,0.0054884935457277,3.0123561401495105e-05,29,0.014682864276694418,0.0024715131934415838
2021-02-19,-0.0096580227920926,0.0139739181887958,0.0096580227920926,9.3277404252582e-05,29,0.01583441389513623,-0.0018604957063404308
2021-02-22,-0.0104617888389575,0.0193571962349421,0.0104617888389575,0.0001094490257109,29,0.01605576652980788,0.00330142970513422
2021-02-23,0.011040861244188,0.0169138659316935,0.011040861244188,0.0001219006170134,29,0.01621511295620379,0.0006987529754897102
2021-02-24,0.0027152581766601,0.0148982007470935,0.0027152581766601,7.372626965919717e-06,29,0.013913896158490759,0.0009843045886027413
2021-02-25,0.0165899033711424,0.0181015832699173,0.0165899033711424,0.0002752248938638,29,0.017736685645958726,0.0003648976239585752
2021-02-26,-0.0193806847652179,0.0134754629783559,0.0193806847652179,0.0003756109419687,29,0.0184982437705507,-0.0050227807921948
2021-03-01,0.0177164407373398,0.0210161989090307,0.0177164407373398,0.0003138722723996,29,0.018044396064881507,0.002971802844149194
2021-03-02,0.0213063105188934,0.0219355984934537,0.0213063105188934,0.0004539588679275,29,0.019022276554330055,0.0029133219391236434
2021-03-03,0.0214461431007722,0.0177297988269263,0.0214461431007722,0.0004599370538988,29,0.019060284333182048,-0.0013304855062557484
2021-03-04,0.0072966362271056,0.0227825976930547,0.0072966362271056,5.3240900230710776e-05,29,0.01518291739553589,0.007599680297518809
2021-03-05,-0.0120518049445064,0.0135297909073887,0.0120518049445064,0.0001452460024204,29,0.016493045071426952,-0.002963254164038252
2021-03-08,-0.0009478997624838,0.0129020315330423,0.0009478997624838,8.985139597169779e-07,29,0.013422568368220377,-0.0005205368351780763
2021-03-09,-0.0042462292654131,0.0133515774647488,0.0042462292654131,1.803046297445072e-05,29,0.014338708082138456,-0.000987130617389656
2021-03-10,0.0095374236092462,0.0149683531483996,0.0095374236092462,9.096244910220748e-05,29,0.015801183901656336,-0.0008328307532567362
2021-03-12,-0.0041084535014975,0.0128177007010412,0.0041084535014975,1.6879390173967776e-05,29,0.014300508643325374,-0.0014828079422841735
2021-03-15,-0.0046626993835291,0.0132595427386922,0.0046626993835291,2.174076554116356e-05,29,0.01445414120774436,-0.0011945984690521598
2021-03-16,0.0025682962498351,0.0141982854897117,0.0025682962498351,6.596145626917201e-06,29,0.013873078286603325,0.00032520720310837484
2021-03-17,-0.023771011232129,0.0159745938072014,0.023771011232129,0.000565060974998,29,0.01969129713217056,-0.0037167033249691575
2021-03-18,-0.01402623068457,0.0154448790948893,0.01402623068457,0.0001967351472167,29,0.017034927262925673,-0.0015900481680363732
2021-03-19,0.015421856792147,0.0172545526871052,0.015421856792147,0.0002378336669174,29,0.01741721254477228,-0.00016265985766708221
2021-03-22,0.0080916948768979,0.0199303523332272,0.0080916948768979,6.547552598081586e-05,29,0.015402467960572904,0.004527884372654297
2021-03-23,0.0120399967345817,0.0182842801872468,0.0120399967345817,0.0001449615213687,29,0.016489800586679967,0.001794479600566834
2021-03-24,-0.0190432647897833,0.0142656181286343,0.0190432647897833,0.0003626459338538,29,0.0184062985670299,-0.0041406804383956
2021-03-25,-0.021545870992401,0.0116226454269741,0.021545870992401,0.0004642245568211,29,0.019087387504731566,-0.007464742077757467
2021-03-26,0.0100964427191054,0.0160567034933125,0.0100964427191054,0.0001019381555801,29,0.01595517764252561,0.00010152585078689047
2021-03-30,0.0113495082012226,0.0175520788449971,0.0113495082012226,0.0001288113364096,29,0.01630000157470613,0.0012520772702909674
2021-03-31,-0.000422562948494,0.0115630297173899,0.000422562948494,1.7855944544002414e-07,29,0.013276333302523508,-0.0017133035851336076
2021-04-01,0.0170506922623645,0.0156314253314693,0.0170506922623645,0.0002907261066258,29,0.017862597391686816,-0.002231172060217515
2021-04-05,-0.0091002263634258,0.0180578190709345,0.0091002263634258,8.281411986559165e-05,29,0.015680679599064964,0.002377139471869537
2021-04-06,0.0250341765777722,0.0219321119767438,0.0250341765777722,0.000626709996927,29,0.020033425942134798,0.0018986860346090033
2021-04-07,0.0111352059924713,0.0153010548936931,0.0111352059924713,0.0001239928124947,29,0.016241064237028462,-0.0009400093433353622
2021-04-08,0.0052818371486511,0.012190984067306,0.0052818371486511,2.789780366487081e-05,29,0.01462564620677287,-0.002434662139466871
2021-04-09,0.0044231956952762,0.0128816948080662,0.0044231956952762,1.9564660158710027e-05,29,0.014387764625221842,-0.0015060698171556423
2021-04-12,-0.0481629183137668,0.0288938103177423,0.0481629183137668,0.0023196667004985,29,0.026208488063340165,0.002685322254402135
2021-04-13,0.0115778221467521,0.0207970840738158,0.0115778221467521,0.0001340459656618,29,0.016362776408636977,0.004434307665178824
2021-04-15,0.0009512036182707,0.0136951319264586,0.0009512036182707,9.047883234114616e-07,29,0.013423487767378657,0.00027164415907994337
2021-04-16,0.0129308401781281,0.0133599300035437,0.0129308401781281,0.0001672066277122,29,0.016734449286078413,-0.003374519282534712
2021-04-19,-0.0163383255545868,0.0171006638297478,0.0163383255545868,0.0002669408819276,29,0.01766791297356068,-0.0005672491438128806
2021-04-20,0.0064766412820409,0.0152552039800984,0.0064766412820409,4.194688229623695e-05,29,0.014956271040808676,0.00029893293928972414
2021-04-22,0.004942194574252,0.0129015277785051,0.004942194574252,2.442528720976594e-05,29,0.014531578145579689,-0.0016300503670745887
2021-04-23,0.0037033537306384,0.0125872476486706,0.0037033537306384,1.3714828854233945e-05,29,0.014188156636434062,-0.0016009089877634629
2021-04-26,0.0090526035464223,0.0144211833985501,0.0090526035464223,8.194963096869922e-05,29,0.01566754970538982,-0.001246366306839719
2021-04-27,0.0210424712830317,0.0215530674069158,0.0210424712830317,0.0004427855976972,29,0.018950545757930527,0.0026025216489852718
2021-04-28,0.0069462857531292,0.0173383061110737,0.0069462857531292,4.825088576412616e-05,29,0.015086106694937972,0.002252199416135728
2021-04-29,0.0048933678367165,0.0128805230361991,0.0048933678367165,2.3945048785411832e-05,29,0.014518051993737931,-0.0016375289575388304
2021-04-30,-0.0002964752103503,0.0185957472374986,0.0002964752103503,8.78975503522833e-08,29,0.013241221954197697,0.0053545252833009024
2021-05-03,0.0090222931058424,0.0138490398387168,0.0090222931058424,8.140177288773293e-05,29,0.01565919256259484,-0.0018101527238780415
2021-05-04,-0.0129670711073136,0.0163903535566331,0.0129670711073136,0.0001681449331021,29,0.016744393917587867,-0.000354040360954766
2021-05-05,0.0073069875441115,0.01772462986387,0.0073069875441115,5.33920669698011e-05,29,0.015185777134883189,0.0025388527289868096
2021-05-06,0.0031632932753737,0.0121836896247011,0.0031632932753737,1.0006424346024894e-05,29,0.014038293229991256,-0.0018546036052901563
2021-05-07,-0.0015237655402984,0.0125382733940005,0.0015237655402984,2.321861421800888e-06,29,0.01358276844512295,-0.0010444950511224495
2021-05-10,0.0115689855893598,0.0167918883248593,0.0115689855893598,0.0001338414275668,29,0.01636034710770652,0.00043154121715277896
2021-05-11,0.0005519618101383,0.0122315141261167,0.0005519618101383,3.0466183985124374e-07,29,0.013312361454520798,-0.0010808473284040984
2021-05-12,-0.0032377034621217,0.0115097954458868,0.0032377034621217,1.048272370863495e-05,29,0.014058947081190045,-0.0025491516353032453
2021-05-14,-0.0130832614631932,0.0144758396809239,0.0130832614631932,0.0001711717305142,29,0.016776282932267506,-0.0023004432513436066
2021-05-17,0.0108580051766091,0.0147565510220954,0.0108580051766091,0.0001178962764152,29,0.016164806958544203,-0.0014082559364488028
2021-05-18,0.0272266766600636,0.023574682274769,0.0272266766600636,0.0007412919219516,29,0.02062606523327194,0.00294861704149706
2021-05-19,0.0030249646996573,0.0170136284320292,0.0030249646996573,9.150411434173366e-06,29,0.013999893048317108,0.0030137353837120916
2021-05-20,-0.0038438973949099,0.0106676797906022,0.0038438973949099,1.477554718259577e-05,29,0.014227141473884498,-0.0035594616832822987
2021-05-21,0.0074868898177693,0.0068991290253142,0.0074868898177693,5.605351914341864e-05,29,0.015235472983954784,-0.008336343958640583
2021-05-24,0.0053796360275106,0.0129804724258467,0.0053796360275106,2.89404837884901e-05,29,0.014652725995637508,-0.0016722535697908086
2021-05-25,0.0058837662520115,0.0162140660055254,0.0058837662520115,3.46187053083099e-05,29,0.01479226787091899,0.0014217981346064095
2021-05-26,0.0037165860700263,0.0134023105145753,0.0037165860700263,1.3813012015914252e-05,29,0.014191827368287772,-0.0007895168537124728
2021-05-27,-0.0023211431909377,0.0126412011509106,0.0023211431909377,5.387705712836625e-06,29,0.013804417445459028,-0.001163216294548429
2021-05-28,-0.005041865736256,0.0152490086837755,0.005041865736256,2.54204101024331e-05,29,0.014559187051297294,0.0006898216324782054
2021-05-31,0.004257791995128,0.0107482022549543,0.004257791995128,1.8128792673776515e-05,29,0.014341913668430453,-0.003593711413476152
2021-06-01,0.0031902222222796,0.0138691423098028,0.0031902222222796,1.017751782752666e-05,29,0.014045768033615747,-0.00017662572381294678
2021-06-02,0.0152116001528492,0.0155814768253602,0.0152116001528492,0.0002313927792101,29,0.01735965922259872,-0.0017781823972385195
2021-06-03,0.0110937883223139,0.0145895206310217,0.0110937883223139,0.0001230721393403,29,0.01622967188241515,-0.0016401512513934489
2021-06-04,0.0078318268963402,0.015510579639523,0.0078318268963402,6.133751253423908e-05,29,0.015330729044305769,0.0001798505952172319
2021-06-07,0.0131470780655454,0.0306105699179079,0.0131470780655454,0.0001728456616615,29,0.016793795892982907,0.013816774024924993
2021-06-08,0.0169494965990336,0.0214882196186297,0.0169494965990336,0.0002872854349606,29,0.017834951181610752,0.0036532684370189465
2021-06-09,-0.0088289866619482,0.013058394467128,0.0088289866619482,7.795100547686091e-05,29,0.01560588759334351,-0.00254749312621551
2021-06-10,0.0129779171084532,0.0093937713495392,0.0129779171084532,0.0001684263324738,29,0.016747370836940112,-0.007353599487400912
2021-06-11,-0.0019606901805025,0.0078766005422083,0.0019606901805025,3.844305983919058e-06,29,0.013704246395269917,-0.005827645853061617
2021-06-14,-0.0075904332488242,0.0162211250864719,0.0075904332488242,5.761467690485617e-05,29,0.015264070967930681,0.0009570541185412174
2021-06-15,-0.0006427144779296,0.0104801291480594,0.0006427144779296,4.130819001404386e-07,29,0.013337626293299695,-0.002857497145240296
2021-06-16,-0.0103084608497316,0.012887623322833,0.0103084608497316,0.0001062643650904,29,0.016013556664657005,-0.003125933341824004
2021-06-17,-0.0140277391427763,0.0153500448407739,0.0140277391427763,0.0001967774654577,29,0.017035340787928493,-0.0016852959471545925
2021-06-18,-0.0037532348663035,0.0226435789992427,0.0037532348663035,1.4086771961636813e-05,29,0.014201993678877292,0.008441585320365408
2021-06-21,0.0111579417156099,0.015948325109024,0.0111579417156099,0.0001244996633289,29,0.0162473176996178,-0.0002989925905937975
2021-06-22,0.0064001619895795,0.0128060598760255,0.0064001619895795,4.0962073492859366e-05,29,0.014935121326814862,-0.0021290614507893622
2021-06-23,-0.0058628454265446,0.0071431044485156,0.0058628454265446,3.4372956495555613e-05,29,0.014786478644683325,-0.007643374196167725
2021-06-24,-0.0056502762367715,0.0083032255644875,0.0056502762367715,3.192562155182564e-05,29,0.01472764847967898,-0.006424422915191481
2021-06-25,0.0089606865530598,0.0105680402428025,0.0089606865530598,8.029390350218775e-05,29,0.015642205612299252,-0.005074165369496753
2021-06-28,0.004182531954183,0.0107128260486185,0.004182531954183,1.749357354776256e-05,29,0.014321048237680878,-0.003608222189062378
2021-06-29,0.0001079542761398,0.0096406891340177,0.0001079542761398,1.1654125736871884e-08,29,0.013188715589142712,-0.0035480264551250116
2021-06-30,-0.0037031047221695,0.0112715364737706,0.0037031047221695,1.3712984583354408e-05,29,0.014188087559430488,-0.0029165510856598888
2021-07-01,-0.0017604978068662,0.0152661603732941,0.0017604978068662,3.099352527980867e-06,29,0.013648594511984528,0.001617565861309572
2021-07-02,0.0128232211843324,0.0214557266829562,0.0128232211843324,0.0001644350015423,29,0.016704907673150384,0.004750819009805816
2021-07-05,0.0058201369058925,0.0149995465266235,0.0058201369058925,3.38739936033328e-05,29,0.014774659880909875,0.00022488664571362546
2021-07-06,-0.004983680838263,0.0183948336564234,0.004983680838263,2.483707469767023e-05,29,0.014543070220523764,0.003851763435899637
2021-07-07,0.0079671931469637,0.0083292828090547,0.0079671931469637,6.347616664102597e-05,29,0.015368100796941425,-0.007038817987886725
2021-07-08,-0.0050676079254585,0.0091295891399529,0.0050676079254585,2.5680650086169945e-05,29,0.01456631712471076,-0.005436727984757859
2021-07-09,0.0052977336782553,0.0080509825499542,0.0052977336782553,2.8065982125720868e-05,29,0.0146300480449177,-0.006579065494963499
2021-07-12,0.0010614191809809,0.0087128299664503,0.0010614191809809,1.1266106777541702e-06,29,0.013454156644623344,-0.004741326678173044
2021-07-13,0.0011754990742431,0.0090904050581827,0.0011754990742431,1.3817980735465058e-06,29,0.013485896767551993,-0.004395491709369294
2021-07-14,0.000120788014519,0.0130749378721101,0.000120788014519,1.4589744451461465e-08,29,0.013192290366067729,-0.0001173524939576294
2021-07-15,-0.0001826573478185,0.0073450843489314,0.0001826573478185,3.336370671212383e-08,29,0.01320952304313417,-0.00586443869420277
2021-07-16,0.0079840210273448,0.0123243101362273,0.0079840210273448,6.374459176508446e-05,29,0.01537274621234013,-0.0030484360761128294
2021-07-19,-0.0072369707975123,0.0128466345551877,0.0072369707975123,5.237374632404639e-05,29,0.015166433075069747,-0.002319798519882047
2021-07-20,-0.0145085323495048,0.0097230260897962,0.0145085323495048,0.0002104975109366,29,0.017167107516079926,-0.007444081426283727
2021-07-22,0.0237706151941156,0.0240584057005128,0.0237706151941156,0.0005650421467067,29,0.0196911897858553,0.0043672159146575
2021-07-23,-0.0040680446996186,0.0133428028993341,0.0040680446996186,1.6548987678095612e-05,29,0.014289303837385995,-0.000946500938051896
2021-07-26,0.0033214799983488,0.0164601372502393,0.0033214799983488,1.1032229379431252e-05,30,0.014082198627539842,0.0023779386226994593
2021-07-27,-0.0136580577639145,0.0213984976454664,0.0136580577639145,0.0001865425418824,30,0.016933975688481154,0.004464521956985247
2021-07-28,-0.0009339434388618,0.0138557048715415,0.0009339434388618,8.722503469931732e-07,30,0.01341868455515805,0.00043702031638345046
2021-07-29,0.0013396193454222,0.0195728944308867,0.0013396193454222,1.794579990629594e-06,30,0.01353155224931083,0.006041342181575872
2021-07-30,0.0093472858907398,0.0206095063172509,0.0093472858907398,8.737175352322499e-05,30,0.015748783846326435,0.004860722470924464
2021-08-02,0.0107522312549404,0.0142411327494298,0.0107522312549404,0.0001156104769597,30,0.01613570238991713,-0.001894569640487332
2021-08-03,0.0053791793957406,0.010923936686868,0.0053791793957406,2.893557097156056e-05,30,0.014652599564706516,-0.003728662877838516
2021-08-04,-0.0033937492264268,0.0083616273908424,0.0033937492264268,1.151753381187298e-05,30,0.014102254620812663,-0.005740627229970263
2021-08-05,-0.0013749400410009,0.0111591380510271,0.0013749400410009,1.890460116347658e-06,30,0.01354137675314389,-0.00238223870211679
2021-08-06,0.0049761128200994,0.0155355649047815,0.0049761128200994,2.4761698798357736e-05,30,0.014540973850868357,0.0009945910539131426
2021-08-09,0.0001328660130413,0.0139756907144844,0.0001328660130413,1.7653377421511223e-08,30,0.013195654587579556,0.0007800361269048438
2021-08-10,-0.0081979313774377,0.0129090950187513,0.0081979313774377,6.720607886917875e-05,30,0.015431789350382245,-0.0025226943316309456
2021-08-11,-0.0068790345820047,0.0134828194282165,0.0068790345820047,4.7321116780417215e-05,30,0.01506751904600316,-0.0015846996177866588
2021-08-12,0.0113671364314193,0.0149773268518048,0.0113671364314193,0.0001292117906505,30,0.016304849038333895,-0.0013275221865290954
2021-08-13,-0.0008914348280297,0.0059154804293715,0.0008914348280297,7.946560526243946e-07,30,0.013406854734575155,-0.007491374305203655
2021-08-16,-0.0050856427878161,0.0102044366748979,0.0050856427878161,2.586376256526611e-05,30,0.01457131229711651,-0.004366875622218609
2021-08-17,9.563473080017588e-05,0.0103626729885052,9.563473080017588e-05,9.146001735222108e-09,30,0.013185283989161972,-0.0028226110006567724
2021-08-18,0.0027540029139672,0.0107622485000674,0.0027540029139672,7.584532050140198e-06,30,0.01392465615773325,-0.0031624076576658514
2021-08-20,-0.0173302367907259,0.0115991945496635,0.0173302367907259,0.0003003371072226,30,0.017938950867229,-0.006339756317565498
2021-08-23,-0.0214730152214103,0.0225571512934217,0.0214730152214103,0.0004610903826989,30,0.019067587712528932,0.003489563580892769
2021-08-24,0.0210679106919127,0.0221613497968372,0.0210679106919127,0.0004438568609224,30,0.018957463010112648,0.003203886786724553
2021-08-25,0.0104504698254372,0.0184615250748858,0.0104504698254372,0.0001092123195723,30,0.0160526507582148,0.002408874316670997
2021-08-26,0.0090731091159142,0.0173000940017163,0.0090731091159142,8.232130902928708e-05,30,0.015673203300848707,0.001626890700867592
2021-08-27,0.0117228760277143,0.0113953632031128,0.0117228760277143,0.0001374258223611,30,0.016402650339845438,-0.005007287136732638
2021-08-30,0.0207556177875741,0.0170039650043527,0.0207556177875741,0.0004307956697438,30,0.018872532979603764,-0.001868567975251062
2021-08-31,0.0144019165373857,0.0125541288487822,0.0144019165373857,0.0002074151999498,30,0.01713789458583089,-0.004583765737048691
2021-09-01,0.0019995654977462,0.0131296719136515,0.0019995654977462,3.998262179777062e-06,30,0.013715051951209449,-0.000585380037557948
2021-09-02,0.0098253237232353,0.0150405226926306,0.0098253237232353,9.65369862663718e-05,30,0.015880504495136914,-0.0008399818025063149
2021-09-03,0.0009563216295351,0.011807746806782,0.0009563216295351,9.145510591167394e-07,30,0.013424912004086836,-0.001617165197304836
2021-09-06,0.0013911183746247,0.0126474584028018,0.0013911183746247,1.9352103322184785e-06,30,0.013545876648643188,-0.0008984182458413887
2021-09-07,-0.0011566564756918,0.0141005903363225,0.0011566564756918,1.3378542027599838e-06,30,0.013480654529430463,0.0006199358068920378
2021-09-08,0.0056391750628313,0.0117529888217813,0.0056391750628313,3.180029538925922e-05,30,0.01472457575072676,-0.0029715869289454605
2021-09-09,0.0046851846333212,0.0106330674533487,0.0046851846333212,2.1950955048309275e-05,30,0.014460371886502198,-0.0038273044331534976
2021-09-13,0.0032179944366267,0.0127649302662069,0.0032179944366267,1.035548819416086e-05,30,0.014053476666588967,-0.0012885464003820676
2021-09-14,0.0054322369745576,0.0127062540227705,0.0054322369745576,2.950919854775074e-05,30,0.014667289557062289,-0.0019610355342917895
2021-09-15,0.0074812418021261,0.0116011685111437,0.0074812418021261,5.596897890187933e-05,30,0.015233912943162104,-0.003632744432018404
2021-09-16,0.0018709448527657,0.0108955801977529,0.0018709448527657,3.5004346420905784e-06,30,0.013679299480053975,-0.0027837192823010753
2021-09-17,-0.0050712553312682,0.013171341819724,0.0050712553312682,2.571763063491704e-05,30,0.01456732736645317,-0.0013959855467291695
2021-09-20,-0.0211116378034755,0.0135114673711045,0.0211116378034755,0.0004457012507451,30,0.018969352408618995,-0.005457885037514494
2021-09-21,0.007288356314251,0.0132033596897792,0.007288356314251,5.3120137763482906e-05,30,0.01518062989477425,-0.00197727020499505
2021-09-22,0.0060402212192718,0.0104593676770869,0.0060402212192718,3.648427237774159e-05,30,0.01483555780869994,-0.00437619013161304
2021-09-23,0.0125603998831957,0.0144950729628058,0.0125603998831957,0.0001577636452257,30,0.01663274731718133,-0.00213767435437553
2021-09-24,-0.0047588469610681,0.0103109906556099,0.0047588469610681,2.264662439886776e-05,30,0.01448078264815529,-0.004169791992545389
2021-09-27,0.0038307773048672,0.017000832557845,0.0038307773048672,1.4674854759486044e-05,30,0.014223502410106592,0.002777330147738408
2021-09-28,-0.0095829491229863,0.0124651187586243,0.0095829491229863,9.183291389374476e-05,30,0.015813728578838043,-0.003348609820213743
2021-09-29,0.0087053152802031,0.0134815424943676,0.0087053152802031,7.578251412773919e-05,30,0.015571778541141359,-0.002090236046773759
2021-09-30,0.0023475475515204,0.0120450006697713,0.0023475475515204,5.510979506649663e-06,30,0.013811753684045967,-0.0017667530142746676
2021-10-01,0.0063757586070389,0.0133055797258286,0.0063757586070389,4.065029781523143e-05,30,0.014928372383800136,-0.0016227926579715363
2021-10-04,0.021340764195799,0.0199379418858486,0.021340764195799,0.0004554282164606,30,0.019031641954987345,0.0009062999308612554
2021-10-05,0.006105107685869,0.0163104311720453,0.006105107685869,3.727233985605735e-05,30,0.014853509141320297,0.0014569220307250018
2021-10-06,-0.0091182956506832,0.0184568493937386,0.0091182956506832,8.314331557326905e-05,30,0.01568566122091814,0.00277118817282046
2021-10-07,0.013819552085481,0.0179604247802398,0.013819552085481,0.0001909800198433,30,0.016978262086878814,0.000982162693360985
2021-10-08,0.0054398918044452,0.0148683736684951,0.0054398918044452,2.959242284407049e-05,30,0.014669408867611377,0.00019896480088372331
2021-10-11,0.0127046341194595,0.0193989830450574,0.0127046341194595,0.0001614077281093,30,0.016672351055115605,0.0027266319899417954
2021-10-12,0.0054365823469089,0.0107552446463317,0.0054365823469089,2.9556427614721745e-05,30,0.014668492615920159,-0.003913247969588458
2021-10-13,0.0239085971712533,0.0360284526487173,0.0239085971712533,0.0005716210186972,30,0.019728586867256977,0.01629986578146032
2021-10-14,0.0085968876293871,0.0211996331233669,0.0085968876293871,7.390647691230944e-05,30,0.015541869783246957,0.005657763340119942
2021-10-18,0.0098778521352869,0.0280491210623783,0.0098778521352869,9.757196280659364e-05,30,0.015894973990248834,0.012154147072129466
2021-10-19,-0.0170181959388162,0.0206453333771073,0.0170181959388162,0.0002896189930119,30,0.017853719892681464,0.0027916134844258346
2021-10-20,-0.0305098788074973,0.0306837759771887,0.0305098788074973,0.0009308527048481,30,0.02151067670965465,0.009173099267534051
2021-10-21,-0.0058640924354631,0.0188115505491618,0.0058640924354631,3.438758009165559e-05,30,0.01478682372179621,0.0040247268273655885
2021-10-22,-0.0145300743959999,0.0197311688001105,0.0145300743959999,0.0002111230619532,30,0.017173009639442297,0.002558159160668202
2021-10-25,-0.016758276861551,0.0232969759989205,0.016758276861551,0.0002808398433683,30,0.017782701933025162,0.005514274065895337
2021-10-26,0.0182038412415566,0.0186536328057809,0.0182038412415566,0.0003313798359477,30,0.018177403492190776,0.00047622931359012424
2021-10-27,-0.0021759466521127,0.0144457217641309,0.0021759466521127,4.734743832840626e-06,30,0.01376407181156957,0.0006816499525613313
2021-10-28,-0.0280022695830194,0.0285122049820396,0.0280022695830194,0.0007841271018,30,0.020835345647059765,0.007676859334979833
2021-10-29,-0.0033647809061892,0.0187010469610971,0.0033647809061892,1.1321750546655529e-05,30,0.01409421559657763,0.004606831364519471
2021-11-01,0.011551918709157,0.0156332239060972,0.011551918709157,0.0001334468258629,30,0.016355655098709718,-0.0007224311926125188
2021-11-02,0.0036785489186541,0.0092403739650671,0.0036785489186541,1.3531722146931444e-05,30,0.014181275480465397,-0.004940901515398296
2021-11-03,0.0004992720847785,0.0115181234676051,0.0004992720847785,2.492726146391158e-07,30,0.01329769184643983,-0.0017795683788347297
2021-11-04,0.0073376270463889,0.0058988179989951,0.0073376270463889,5.3840770671898856e-05,30,0.01519424165498225,-0.00929542365598715
2021-11-08,0.0068952214167001,0.0180500822311696,0.0068952214167001,4.754407838532033e-05,30,0.015071993079706697,0.0029780891514629027
2021-11-09,0.008929619646974,0.014095059510044,0.008929619646974,7.973810703962437e-05,30,0.015633638989717046,-0.001538579479673046
2021-11-10,0.0002928350994968,0.0091134154898235,0.0002928350994968,8.575239549732343e-08,30,0.013240208226504197,-0.004126792736680698
2021-11-11,-0.0057246568318701,0.0127063648223691,0.0057246568318701,3.277169584267783e-05,31,0.01474823551203616,-0.0020418706896670608
2021-11-12,0.0125657617572547,0.0159563370773694,0.0125657617572547,0.00015789836854,31,0.01663421969484567,-0.0006778826174762692
2021-11-15,0.0124908292669206,0.0191052829009283,0.0124908292669206,0.0001560208157753,31,0.016613642308712845,0.0024916405922154536
2021-11-16,0.0027460922763698,0.0171396057820151,0.0027460922763698,7.541022790338233e-06,32,0.013922459292728135,0.0032171464892869657
2021-11-17,-0.0049127302700044,0.0148145996079632,0.0049127302700044,2.4134918705818217e-05,32,0.01452341593240042,0.00029118367556277974
2021-11-18,-0.0168044607572015,0.0122187470645466,0.0168044607572015,0.0002823899013403,32,0.01779532237050086,-0.005576575305954262
2021-11-22,-0.03245581844278,0.0196076654877383,0.03245581844278,0.0010533801507907,33,0.022033370193460057,-0.002425704705721756
2021-11-23,0.0168445368224985,0.0145625962484405,0.0168445368224985,0.0002837384207645,33,0.01780627320473707,-0.003243676956296569
2021-11-24,0.0116994511247963,0.0243294978183326,0.0116994511247963,0.0001368771566214,33,0.01639621150832533,0.007933286310007271
2021-11-25,0.0086963496753822,0.0138803544299217,0.0086963496753822,7.562649767652026e-05,33,0.015569305603789337,-0.0016889511738676366
2021-11-26,-0.0213334570755214,0.0231086345707928,0.0213334570755214,0.0004551163907931,33,0.019029655722091872,0.0040789788487009294
2021-11-29,-0.0131215595682262,0.0180522981434812,0.0131215595682262,0.0001721753255025,33,0.01678679309833489,0.0012655050451463104
2021-11-30,0.0028452668008414,0.0136045268907211,0.0028452668008414,8.095543167970721e-06,33,0.01394999963920569,-0.0003454727484845897
2021-12-01,0.0040986902198774,0.0172442948166513,0.0040986902198774,1.6799261518519073e-05,33,0.014297801466779786,0.0029464933498715134
2021-12-02,0.0100269066483439,0.0112992769264138,0.0100269066483439,0.0001005388569346,33,0.015936027839910275,-0.004636750913496475
2021-12-03,-0.0022995070472769,0.013169791630019,0.0022995070472769,5.28773266047657e-06,33,0.013798405852828545,-0.0006286142228095447
2021-12-06,-0.0243639606414186,0.0080399808945373,0.0243639606414186,0.0005936025781365,33,0.01985196065499718,-0.01181197976045988
2021-12-07,0.0108532494777725,0.0107424914614893,0.0108532494777725,0.0001177930242267,33,0.016163498464810775,-0.005421007003321475
2021-12-08,0.0207333082460142,0.0157906304516143,0.0207333082460142,0.0004298700708242,33,0.018866464576189013,-0.003075834124574711
2021-12-09,0.001922112190906,0.0111454371353219,0.001922112190906,3.6945152744294975e-06,33,0.013693523009464451,-0.0025480858741425503
2021-12-10,-0.0014736429604064,0.009340587729829,0.0014736429604064,2.1716235747556244e-06,33,0.013568829020991076,-0.004228241291162076
2021-12-13,-0.0048539913395212,0.009877319596067,0.0048539913395212,2.356123192414684e-05,33,0.014507143230015574,-0.004629823633948574
2021-12-14,-0.0006937845205628,0.0145356337815667,0.0006937845205628,4.8133696097265e-07,33,0.013351842649708668,0.0011837911318580314
2021-12-15,-0.0080091740586636,0.0140378173831582,0.0080091740586636,6.414686910197122e-05,33,0.015379689657477954,-0.0013418722743197536
2021-12-16,-0.0044043167080374,0.0105980739746252,0.0044043167080374,1.9398005664698253e-05,33,0.014382531688179857,-0.003784457713554658
2021-12-17,-0.0216804448204059,0.0108738689459978,0.0216804448204059,0.0004700416876106,33,0.019123955804461662,-0.008250086858463863
2021-12-20,-0.0312275557278378,0.0187342669151843,0.0312275557278378,0.0009751602367352,33,0.0217035895654465,-0.0029693226502622017
2021-12-21,0.0120699277590753,0.0106832155056634,0.0120699277590753,0.0001456831561092,33,0.016498024503634478,-0.0058148089979710785
2021-12-22,0.0179551010387882,0.0133662909068135,0.0179551010387882,0.000322385653313,33,0.018109533822897306,-0.004743242916083806
2021-12-23,0.0087620787131909,0.0127398581281913,0.0087620787131909,7.677402337615344e-05,33,0.01558743472024137,-0.0028475765920500714
2021-12-24,-0.0090780544726903,0.0094244837676657,0.0090780544726903,8.241107300913397e-05,33,0.015674566766408007,-0.006250082998742308
2021-12-27,0.0094387192314568,0.0093246633304163,0.0094387192314568,8.90894207302729e-05,33,0.015773983391017647,-0.0064493200606013466
2021-12-28,0.0099396671445534,0.0108675672023318,0.0099396671445534,9.879698294451588e-05,33,0.015912000455093587,-0.005044433252761786
2021-12-29,0.0038169821232275,0.0125481133037516,0.0038169821232275,1.4569352529038356e-05,33,0.014219676040216263,-0.0016715627364646633
2021-12-30,-0.0078271887777745,0.0099126191286048,0.0078271887777745,6.126488416292042e-05,33,0.015329448455214174,-0.005416829326609375
2021-12-31,0.0117238661257217,0.0092467627687577,0.0117238661257217,0.0001374490369338,33,0.016402922485458216,-0.007156159716700515
2022-01-03,0.0123646827692437,0.0151973160338383,0.0123646827692437,0.000152885379984,33,0.01657899690636893,-0.001381680872530629
2022-01-04,0.0023766252092346,0.0126982961441806,0.0023766252092346,5.648347385169423e-06,33,0.01381983242111878,-0.00112153627693818
2022-01-05,-0.0009513683317268,0.0143400949298315,0.0009513683317268,9.051017026126522e-07,33,0.0134235336038569,0.0009165613259745995
2022-01-06,-0.0058865892850089,0.0106051924743528,0.0058865892850089,3.4651933410381605e-05,33,0.014793049052071757,-0.004187856577718958
2022-01-07,0.0009974831200966,0.0116111847089078,0.0009974831200966,9.949725748776852e-07,33,0.013436366094045324,-0.001825181385137523
2022-01-10,0.0060491987054825,0.0130070999992141,0.0060491987054825,3.659280497841221e-05,33,0.014838041577789637,-0.0018309415785755373
2022-01-11,0.0040760212626778,0.0184613093060872,0.0040760212626778,1.6613949333802025e-05,33,0.01429151566978206,0.0041697936363051386
2022-01-12,0.0088277512531977,0.0162156542593623,0.0088277512531977,7.792919218833447e-05,33,0.015605546886724565,0.0006101073726377335
2022-01-13,0.0075780504661412,0.0118063557800938,0.0075780504661412,5.742684886738305e-05,33,0.01526065110727784,-0.00345429532718404
2022-01-14,0.0046634172775063,0.0128386948736487,0.0046634172775063,2.1747460704144617e-05,33,0.014454340139152953,-0.0016156452655042529
2022-01-17,0.0053595018301632,0.014122676871471,0.0053595018301632,2.872425986752341e-05,33,0.014647151232467796,-0.0005244743609967954
2022-01-18,-0.0163072031437528,0.0129946565869074,0.0163072031437528,0.0002659248743716,33,0.017659403789314045,-0.004664747202406646
2022-01-19,-0.0047621540105435,0.018383451547236,0.0047621540105435,2.267811082013577e-05,33,0.014481698943234745,0.0039017526040012566
2022-01-20,-0.0084123435295713,0.0115862702720323,0.0084123435295713,7.076752365952145e-05,33,0.015490956447127778,-0.0039046861750954773
2022-01-21,-0.0259557749587276,0.0148800592435902,0.0259557749587276,0.0006737022537081,33,0.02028272226129384,-0.005402663017703641
2022-01-24,-0.0508372901537932,0.0289821909183943,0.0508372901537932,0.0025844300701809,33,0.02691157802537086,0.0020706128930234394
2022-01-25,0.0089160729000435,0.0183750485247168,0.0089160729000435,7.949635595889048e-05,33,0.015629903411990213,0.002745145112726586
2022-01-27,-0.0225101142202811,0.0180859894279645,0.0225101142202811,0.0005067052422101,33,0.01934927855601135,-0.0012632891280468482
2022-01-28,0.0153049368725895,0.0176926409644737,0.0153049368725895,0.0002342410926739,33,0.017385209910502106,0.0003074310539715949
2022-01-31,0.0163710363855442,0.0156437813834699,0.0163710363855442,0.0002680108323368,33,0.017676856117293256,-0.0020330747338233555
2022-02-01,0.0181177642312972,0.0155822676489537,0.0181177642312972,0.0003282533807408,33,0.0181539192847292,-0.0025716516357754994
2022-02-02,0.0156768859162709,0.0171557010015823,0.0156768859162709,0.0002457647520317,33,0.017487002593860188,-0.00033130159227788905
2022-02-03,-0.0029294702231499,0.0157363353037783,0.0029294702231499,8.58179578832244e-06,33,0.013973380127879137,0.001762955175899165
2022-02-04,-0.0036419761670997,0.0107457419457422,0.0036419761670997,1.3263990401722936e-05,33,0.014171129399615272,-0.003425387453873073
2022-02-07,-0.0117142682223347,0.0157065705268012,0.0117142682223347,0.0001372240799848,33,0.01640028432212827,-0.0006937137953270701
2022-02-08,-0.0070135558883007,0.0163335833320566,0.0070135558883007,4.9189966198318814e-05,33,0.01510469815190079,0.0012288851801558094
2022-02-09,0.0092828999639471,0.0122474834175557,0.0092828999639471,8.617223174065061e-05,33,0.015731037132315637,-0.0034835537147599373
2022-02-10,0.0014255679086137,0.0170019238828445,0.0014255679086137,2.032243862069359e-06,33,0.013555458280275313,0.0034464656025691882
2022-02-11,-0.0208247544909396,0.0176628602215284,0.0208247544909396,0.0004336703996079,33,0.01889133780634914,-0.0012284775848207426
2022-02-14,-0.0407280601946741,0.0149863330115954,0.0407280601946741,0.0016587748872209,32,0.0242419644972615,-0.009255631485666101
2022-02-15,0.0201876276450214,0.0209999697558876,0.0201876276450214,0.000407540309934,33,0.0187179852653985,0.002281984490489098
2022-02-16,0.0076326149212954,0.0166765007702916,0.0076326149212954,5.825681053678151e-05,33,0.01527572028222125,0.0014007804880703523
2022-02-17,-0.002529327772888,0.0152950069209556,0.002529327772888,6.397498982702816e-06,33,0.013862253857401188,0.0014327530635544119
2022-02-18,-0.0134685255282144,0.0107169879227058,0.0134685255282144,0.0001814011799041,33,0.01688198994678294,-0.006165002024077141
2022-02-21,-0.0192664503792406,0.0181634626620766,0.0192664503792406,0.0003711961102157,33,0.01846711952805635,-0.0003036568659797491
2022-02-22,-0.0081653498186342,0.0141486079769297,0.0081653498186342,6.667293766066995e-05,33,0.015422797184826129,-0.0012741892078964295
2022-02-23,0.0090723121932906,0.013681339427115,0.0090723121932906,8.23068485325303e-05,33,0.01567298358360994,-0.0019916441564949393
2022-02-24,-0.0594624627705044,0.0205020417733336,0.0594624627705044,0.0035357844787336,33,0.029163689696582534,-0.008661647923248934
2022-02-25,0.0455807310884322,0.025837241787523,0.0455807310884322,0.0020776030465559,33,0.025527483221246428,0.00030975856627657103
2022-02-28,-0.0012637119736816,0.0196536788692101,0.0012637119736816,1.5969679524264198e-06,33,0.013510437163899339,0.006143241705310762
2022-03-02,-0.0016967171005727,0.0185396312023492,0.0016967171005727,2.8788489193761097e-06,33,0.01363086131729051,0.004908769885058692
2022-03-03,0.0012095151715726,0.0172032460715736,0.0012095151715726,1.4629269502644589e-06,33,0.01349536017117185,0.003707885900401749
2022-03-04,-0.0195014774687695,0.014337539113245,0.0195014774687695,0.0003803076234649,33,0.018531150391782315,-0.004193611278537315
2022-03-07,-0.0256803006438245,0.0178932622560655,0.0256803006438245,0.0006594778411572,33,0.020208233471355263,-0.002314971215289764
2022-03-08,0.015267239589174,0.0124382717513974,0.015267239589174,0.0002330886046732,33,0.017374890707999167,-0.004936618956601767
2022-03-09,0.0264588323912177,0.011447174183308,0.0264588323912177,0.0007000698115065,33,0.0204186879286457,-0.0089715137453377
2022-03-10,0.0142517008562082,0.0121305552644885,0.0142517008562082,0.0002031109772948,33,0.01709672909921654,-0.004966173834728039
2022-03-11,0.0041174597950505,0.0140830931525179,0.0041174597950505,1.6953475163857532e-05,33,0.01430300589437045,-0.00021991274185254907
2022-03-14,-0.0085807140604591,0.0188920559757894,0.0085807140604591,7.362865378736125e-05,33,0.015537408135621924,0.0033546478401674743
2022-03-15,-0.0105186371998927,0.0148162323776997,0.0105186371998927,0.0001106417285429,33,0.01607141449767091,-0.0012551821199712106
2022-03-16,0.0156395086638737,0.0133820944789074,0.0156395086638737,0.0002445942312473,33,0.017476775402604748,-0.004094680923697348
2022-03-17,0.0155324330851502,0.0168144910380525,0.0155324330851502,0.0002412564775446,33,0.01744747485395583,-0.0006329838159033312
2022-03-21,-0.0077419856899353,0.0109967271820757,0.0077419856899353,5.993834242316311e-05,33,0.015305922586404244,-0.004309195404328545
2022-03-22,0.002846692940762,0.0118160286332201,0.002846692940762,8.103660698984584e-06,33,0.013950395649509997,-0.0021343670162898964
2022-03-23,-0.0004590843223804,0.0141741439968034,0.0004590843223804,2.107584150555045e-07,33,0.013286502380686118,0.000887641616117282
2022-03-24,0.0060651737669536,0.0154536650401023,0.0060651737669536,3.678633282334303e-05,33,0.014842461277924011,0.0006112037621782886
2022-03-25,-0.0018460481408803,0.013870024093363,0.0018460481408803,3.4078937384477776e-06,33,0.013672378376163159,0.00019764571719984095
2022-03-28,-0.004410897360289,0.0126767935271631,0.004410897360289,1.9456015523005144e-05,33,0.014384355746881876,-0.0017075622197187754
2022-03-29,0.0107531865116457,0.015381032048616,0.0107531865116457,0.0001156310201542,33,0.01613596525255467,-0.0007549332039386708
2022-03-30,0.0152082578943525,0.0202926904586998,0.0152082578943525,0.0002312911081811,33,0.01735874423671236,0.0029339462219874386
2022-03-31,-0.0026007654702972,0.0136942748793479,0.0026007654702972,6.763981031490451e-06,33,0.013882097023989638,-0.0001878221446417385
2022-04-01,0.0239471075157499,0.0170217114444459,0.0239471075157499,0.0005734639583708,33,0.01973902320073999,-0.00271731175629409
2022-04-04,0.0241970097260109,0.0179826487695191,0.0241970097260109,0.0005854952796806,33,0.01980673547798801,-0.0018240867084689076
2022-04-05,0.014774196600467,0.0236900724477976,0.014774196600467,0.0002182768851892,33,0.01723988434679221,0.006450188101005391
2022-04-06,-0.0012280124042513,0.0139498242791395,0.0012280124042513,1.508014464995059e-06,33,0.013500506015592403,0.00044931826354709624
2022-04-07,-0.0100109561075466,0.0139472159587669,0.0100109561075466,0.0001002192421872,33,0.015931634943904285,-0.001984418985137385
2022-04-08,0.0091813292475235,0.0132998966696331,0.0091813292475235,8.429680675143093e-05,33,0.015703038492434138,-0.0024031418228010384
2022-04-11,0.0092416065974955,0.0194868574944115,0.0092416065974955,8.540729250287396e-05,33,0.015719654736979116,0.003767202757432385
2022-04-12,-0.0121081247010417,0.0114663695585035,0.0121081247010417,0.0001466066837759,33,0.01650851917081571,-0.005042149612312212
2022-04-13,0.0021525498864938,0.0102593598059185,0.0021525498864938,4.6334710138447175e-06,33,0.013757569948145034,-0.0034982101422265342
2022-04-18,-0.0049705507925709,0.0157780703005157,0.0049705507925709,2.4706375181528183e-05,33,0.014539433136637563,0.0012386371638781375
2022-04-19,-0.0165180310290517,0.0104232285937958,0.0165180310290517,0.0002728453490767,33,0.01771704027982795,-0.0072938116860321485
2022-04-20,0.0051746508153982,0.0118920457341016,0.0051746508153982,2.67770110613016e-05,33,0.014595963620493625,-0.002703917886392026
2022-04-21,0.0199429330285381,0.015490035020849,0.0199429330285381,0.0003977205777807,33,0.01865137339486797,-0.00316133837401897
2022-04-22,-0.0094192654187984,0.017305967639332,0.0094192654187984,8.872256102977283e-05,33,0.015768622032278867,0.0015373456070531324
2022-04-25,-0.0195957068792542,0.0156647894742308,0.0195957068792542,0.0003839917280976,33,0.018556817371136423,-0.0028920278969056246
2022-04-26,0.0160148260502519,0.0148138446927645,0.0160148260502519,0.0002564746534198,33,0.01757944992994906,-0.0027656052371845593
2022-04-27,-0.0153296518249507,0.0157663124790427,0.0153296518249507,0.0002349982250742,33,0.01739197510321555,-0.0016256626241728522
2022-04-28,0.0069705680440791,0.0122186137935826,0.0069705680440791,4.8588818857137705e-05,33,0.01509281776054386,-0.00287420396696126
2022-04-29,-0.0069954705307335,0.0124196967704669,0.0069954705307335,4.8936607946361405e-05,33,0.01509970003992806,-0.0026800032694611602
2022-05-02,0.0004776718891799,0.0149671705809642,0.0004776718891799,2.281704337127063e-07,32,0.013291677774529248,0.0016754928064349525
2022-05-04,-0.0300997077760922,0.0137301127863182,0.0300997077760922,0.0009059924082061,33,0.021400348712630936,-0.007670235926312736
2022-05-05,-0.0041352634144422,0.0172330371041867,0.0041352634144422,1.7100403506824357e-05,33,0.014307942378608262,0.002925094725578439
2022-05-06,-0.0199335438990498,0.017727567328376,0.0199335438990498,0.0003973461723753,33,0.01864881706585169,-0.0009212497374756906
2022-05-09,-0.019965274969281,0.0175353229194016,0.019965274969281,0.000398612204599,33,0.018657456205534117,-0.0011221332861325178
2022-05-10,-0.0275444728727068,0.0135505778980072,0.0275444728727068,0.0007586979858352,33,0.020711840122782262,-0.007161262224775063
2022-05-11,-0.0034715556647986,0.0239671494056321,0.0034715556647986,1.2051698733795714e-05,33,0.014123845438502518,0.009843303967129582
2022-05-12,-0.0295941081248334,0.0157255017248596,0.0295941081248334,0.0008758112357043,33,0.021264278935709518,-0.005538777210849919
2022-05-13,0.0190034487943464,0.0299457638844881,0.0190034487943464,0.0003611310660793,33,0.018395446534284165,0.011550317350203936
2022-05-16,0.0166131974627646,0.0262959237285397,0.0166131974627646,0.0002759983299368,33,0.01774305243054607,0.00855287129799363
2022-05-17,0.0300884015573188,0.0189085503580235,0.0300884015573188,0.0009053119082744,33,0.021397306805723482,-0.002488756447699983
2022-05-18,-0.0025235700356454,0.0198935278939436,0.0025235700356454,6.368405724807533e-06,33,0.013860654466978806,0.0060328734269647945
2022-05-19,-0.0301405888545245,0.0142317489613351,0.0301405888545245,0.0009084550964974,33,0.0214113473158182,-0.007179598354483098
2022-05-20,0.0270532819203879,0.0228352558192221,0.0270532819203879,0.0007318800626639,33,0.020579251578441815,0.0022560042407802836
2022-05-23,-0.006322523395667,0.016903431663369,0.006322523395667,3.997430208875688e-05,33,0.014913649122194849,0.0019897825411741496
2022-05-24,-0.007818827612672,0.0216054848518992,0.007818827612672,6.113406523668352e-05,33,0.015327139912099769,0.006278344939799433
2022-05-25,-0.0251768820428481,0.0204366763811564,0.0251768820428481,0.0006338753893994,34,0.020072045990543363,0.0003646303906130362
2022-05-26,0.0027532704823696,0.0149750394778868,0.0027532704823696,7.580498349088136e-06,34,0.013924452754816944,0.0010505867230698566
2022-05-27,0.0198399376162434,0.0145816116383487,0.0198399376162434,0.0003936231246164,34,0.01862332984722098,-0.0040417182088722785
2022-05-30,0.0342452317673549,0.0288836148049754,0.0342452317673549,0.0011727358987998,34,0.022512960765565283,0.006370654039410117
2022-05-31,0.0026897128118249,0.0237801879112049,0.0026897128118249,7.234555010095272e-06,34,0.013906801564359557,0.009873386346845344
2022-06-01,-0.0074719095951513,0.0122130659293679,0.0074719095951513,5.582943299811552e-05,34,0.01523133526817636,-0.0030182693388084592
2022-06-02,0.0039113003489066,0.015804690370369,0.0039113003489066,1.5298270419357373e-05,34,0.01424583588585436,0.0015588544845146386
2022-06-03,-0.0151319217045394,0.0122407022066814,0.0151319217045394,0.0002289750544723,34,0.017337845267766838,-0.005097143061085437
2022-06-06,-0.0070846295295146,0.0132762574667154,0.0070846295295146,5.0191975570470864e-05,34,0.015124339226819463,-0.0018480817601040627
2022-06-07,-0.0117451846752624,0.015277947904172,0.0117451846752624,0.000137949363056,34,0.016408782183280145,-0.0011308342791081453
2022-06-08,-0.0033655326055396,0.0119901617147249,0.0033655326055396,1.1326809718950367e-05,34,0.014094424204690774,-0.0021042624899658743
2022-06-09,0.008327863603743,0.0091267424397984,0.008327863603743,6.93533122025474e-05,34,0.015467645925416527,-0.0063409034856181275
2022-06-10,-0.0074094587090484,0.0112773211444856,0.0074094587090484,5.4900078361094e-05,34,0.01521408482415565,-0.003936763679670049
2022-06-13,-0.0261705005727039,0.014502958779633,0.0261705005727039,0.0006848951002258,34,0.020340767810737414,-0.0058378090311044135
2022-06-14,0.0011423532180149,0.0145320398086823,0.0011423532180149,1.3049708747090888e-06,34,0.01347667511557564,0.0010553646931066602
2022-06-15,0.0069549512707359,0.0114779244267444,0.0069549512707359,4.8371347178311526e-05,34,0.01508850166573477,-0.0036105772389903694
2022-06-16,-0.0233329650402105,0.0122373158239183,0.0233329650402105,0.0005444272575676,34,0.01957253410918612,-0.007335218285267821
2022-06-17,-0.0166587757169837,0.0193046877681702,0.0166587757169837,0.0002775148083887,34,0.01775550946678081,0.0015491783013893874
2022-06-20,-0.0094770162573873,0.0201812109317548,0.0094770162573873,8.98138371427832e-05,34,0.015784537480472895,0.0043966734512819045
2022-06-21,0.0267113865067617,0.0138586677731047,0.0267113865067617,0.0007134981691136,34,0.020486917676461228,-0.006628249903356528
2022-06-22,-0.0173243384610993,0.0120649929986965,0.0173243384610993,0.0003001327031147,34,0.017937340080940462,-0.005872347082243962
2022-06-23,0.0164455815533513,0.0146369116648608,0.0164455815533513,0.0002704571526279,34,0.01769723550544563,-0.0030603238405848276
2022-06-24,0.0134069592086594,0.0123371785618111,0.0134069592086594,0.0001797465552226,34,0.01686510081490949,-0.004527922253098391
2022-06-27,0.011183034772637,0.0159234656301164,0.011183034772637,0.000125060266726,34,0.016254219356978225,-0.0003307537268618238
2022-06-28,-0.0045338084113241,0.0138381474294274,0.0045338084113241,2.0555418710593584e-05,34,0.014418422336703552,-0.0005802749072761522
2022-06-29,-0.010593415337487,0.0132089443943108,0.010593415337487,0.0001122204485125,34,0.016091996221371016,-0.0028830518270602165
2022-06-30,-0.0101066943684402,0.0148610320837806,0.0101066943684402,0.000102145271057,34,0.01595800075359986,-0.0010969686698192593
2022-07-01,0.0114954105452838,0.0178008456594876,0.0114954105452838,0.0001321444636046,34,0.01634011927433646,0.0014607263851511391
2022-07-04,0.0001771631363928,0.0115413177837815,0.0001771631363928,3.1386776896566345e-08,34,0.01320799277069407,-0.001666674986912569
2022-07-05,0.0009267598718683,0.0103299630474706,0.0009267598718683,8.588838601054198e-07,34,0.01341668546372044,-0.0030867224162498402
2022-07-06,0.0131997422069292,0.0139188545521587,0.0131997422069292,0.0001742331943293,34,0.01680824735220721,-0.0028893928000485094
2022-07-07,0.0132966895823593,0.017886279529935,0.0132966895823593,0.0001768019538496,34,0.016834848185416484,0.0010514313445185164
2022-07-08,0.0030373064823151,0.0112567215690005,0.0030373064823151,9.22523066751355e-06,34,0.014003319388574378,-0.0027465978195738774
2022-07-11,0.0140737873556504,0.0154517351123777,0.0140737873556504,0.000198071490532,34,0.017047963984249008,-0.0015962288718713077
2022-07-12,1.885078274739125e-05,0.0157206901353455,1.885078274739125e-05,3.553520101893437e-10,34,0.013163894795074654,0.002556795340270847
2022-07-13,-0.0009460738455312,0.0124374020555313,0.0009460738455312,8.950557211983382e-07,34,0.013422060249367856,-0.0009846581938365555
2022-07-14,-0.0030065370410007,0.0130019186403412,0.0030065370410007,9.03926497890958e-06,34,0.013994777050168923,-0.000992858409827723
2022-07-15,0.0022773530618647,0.0109100165903949,0.0022773530618647,5.186336968384537e-06,34,0.013792250224428735,-0.0028822336340338355
2022-07-18,0.0087022305589682,0.0122440401875374,0.0087022305589682,7.57288167014409e-05,34,0.015570927700986044,-0.0033268875134486436
2022-07-19,0.0034282511064151,0.0089898356199017,0.0034282511064151,1.1752905648636536e-05,34,0.014111828921233187,-0.005121993301331488
2022-07-20,0.0027592982314225,0.0126782273069514,0.0027592982314225,7.613726729931671e-06,34,0.013926126710496664,-0.0012478994035452634
2022-07-21,0.0084503295602838,0.0134624810987961,0.0084503295602838,7.14080696774066e-05,34,0.015501437184779296,-0.002038956085983196
2022-07-22,-0.0031602009128846,0.0111879708216836,0.0031602009128846,9.986869809797256e-06,34,0.014037434852630976,-0.002849464030947376
2022-07-25,-0.008041386808131,0.0154344417423357,0.008041386808131,6.46639017979841e-05,34,0.015388581631290673,4.586011104502734e-05
2022-07-26,-0.0195526914631357,0.0195687609936617,0.0195526914631357,0.0003823077434525,34,0.018545100828408902,0.0010236601652527967
2022-07-27,0.0102247739850224,0.0168756412330078,0.0102247739850224,0.0001045460030447,34,0.015990515254855585,0.000885125978152216
2022-07-28,0.012437201252808,0.0212622600166905,0.012437201252808,0.0001546839750028,34,0.016598914302407328,0.004663345714283174
2022-07-29,0.0153429853363768,0.0193744385469189,0.0153429853363768,0.0002354071990322,34,0.01739562478810476,0.0019788137588141394
2022-08-01,0.0205468945922443,0.0212629648019912,0.0205468945922443,0.0004221748773847,34,0.01881575215998038,0.00244721264201082
2022-08-02,0.0134028834295695,0.0202720053382901,0.0134028834295695,0.0001796372842266,34,0.01686398268765641,0.0034080226506336894
2022-08-03,-0.0018341224971139,0.0116981800312854,0.0018341224971139,3.364005334419464e-06,34,0.01366906306481978,-0.00197088303353438
2022-08-04,0.007810634335739,0.0154916222684527,0.007810634335739,6.1006008726625256e-05,34,0.015324877701933942,0.00016674456651875717
2022-08-05,-0.0016039210750318,0.0150068621051485,0.0016039210750318,2.572562814931448e-06,34,0.013605058580350353,0.0014018035247981477
2022-08-08,0.0058809242126595,0.013329861659295,0.0058809242126595,3.458526959504504e-05,34,0.014791481427834841,-0.0014616197685398402
2022-08-10,0.0059649750154459,0.0139864058532134,0.0059649750154459,3.558092693489413e-05,34,0.014814738705959733,-0.000828332852746333
2022-08-11,0.0095179217695064,0.0138130078778395,0.0095179217695064,9.059083481044568e-05,34,0.015795809916625048,-0.001982802038785548
2022-08-12,-0.0028377864276954,0.0149017991797184,0.0028377864276954,8.053031809212271e-06,34,0.013947922479837083,0.0009538766998813172
2022-08-16,0.0113750976476581,0.0174691756998759,0.0113750976476581,0.0001293928464937,34,0.016307038205189226,0.0011621374946866742
2022-08-17,0.0140607134109998,0.0153111308201952,0.0140607134109998,0.0001977036616262,34,0.017044380092170026,-0.0017332492719748273
2022-08-18,0.0061748792216558,0.0145389091507564,0.0061748792216558,3.812913340203751e-05,34,0.014872810477059328,-0.0003339013263029284
2022-08-19,-0.0082580934552698,0.0191938671864547,0.0082580934552698,6.819610751597042e-05,34,0.015448392563562683,0.003745474622892016
2022-08-22,-0.0141379242923826,0.0197275863454523,0.0141379242923826,0.0001998809032971,34,0.017065544722876223,0.002662041622576078
2022-08-23,0.0020011457488369,0.0151069890734223,0.0020011457488369,4.004584308088291e-06,34,0.01371549117843844,0.0013914978949838615
2022-08-24,-0.0023092531699217,0.0118173550509822,0.0023092531699217,5.332650202793583e-06,34,0.013801113826908873,-0.001983758775926674
2022-08-25,-0.0007698102655005,0.0108285803436216,0.0007698102655005,5.926078448699596e-07,34,0.013373004388796001,-0.0025444240451744007
2022-08-26,0.0037948164780206,0.0108542535767041,0.0037948164780206,1.4400632101856852e-05,34,0.01421352782836263,-0.0033592742516585297
2022-08-29,-0.009282763859539,0.014931768159946,0.009282763859539,8.616970487196407e-05,34,0.015730999616422128,-0.0007992314564761269
2022-08-30,0.0188011960572101,0.0128035084917849,0.0188011960572101,0.0003534849731816,34,0.01834031386474564,-0.005536805372960741
2022-09-01,-0.0011634091749028,0.0149385518035686,0.0011634091749028,1.35352090824815e-06,34,0.0134825332247075,0.0014560185788610996
2022-09-02,-0.0062073289680109,0.0101312374461371,0.0062073289680109,3.85309329171085e-05,34,0.014881786727628625,-0.004750549281491524
2022-09-05,-0.000709241202376,0.0090894443615643,0.000709241202376,5.030230831478249e-07,34,0.013356145159899446,-0.004266700798335146
2022-09-06,0.0016281447650685,0.0103214590330102,0.0016281447650685,2.6508553760201427e-06,34,0.013611794449857943,-0.0032903354168477422
2022-09-07,0.0043178358363699,0.0098362730798646,0.0043178358363699,1.8643706309840463e-05,34,0.014358559204910144,-0.004522286125045544
2022-09-08,0.004054841133168,0.0111965007302045,0.004054841133168,1.644173661523127e-05,34,0.014285642557564395,-0.003089141827359896
2022-09-09,0.0008426092796253,0.0102166486530353,0.0008426092796253,7.099903981106972e-07,34,0.0133932662522735,-0.0031766175992382004
2022-09-12,0.0086396560538856,0.0120659946483574,0.0086396560538856,7.464365672944243e-05,34,0.015553667499753765,-0.003487672851396364
2022-09-13,0.0112977189587106,0.0159097258477782,0.0112977189587106,0.00012763845367,34,0.01628575984393423,-0.00037603399615602703
2022-09-14,-0.0053734580411212,0.011222499980395,0.0053734580411212,2.887405131969069e-05,34,0.014651015446396465,-0.003428515466001465
2022-09-15,-0.0024325118206411,0.0162688248972148,0.0024325118206411,5.917113757558993e-06,34,0.013835358821915344,0.0024334660752994564
2022-09-16,-0.0235189495414526,0.0141309449167261,0.0235189495414526,0.0005531409875333,34,0.019622965627526308,-0.005492020710800207
2022-09-19,-0.0007436350337179,0.0121579179319664,0.0007436350337179,5.529930633726484e-07,34,0.013365718729028742,-0.0012078007970623417
2022-09-20,0.0156556074265627,0.0129077509912779,0.0156556074265627,0.0002450980438946,34,0.017481180412140335,-0.004573429420862434
2022-09-21,-0.0123839318865044,0.0095872363899482,0.0123839318865044,0.0001533617689695,34,0.01658428389048874,-0.006997047500540541
2022-09-22,0.0039021868325966,0.0088854809043495,0.0039021868325966,1.5227062076490834e-05,34,0.01424330830885124,-0.00535782740450174
2022-09-23,-0.0148328817671761,0.0109287598089025,0.0148328817671761,0.000220014381519,34,0.01725595771531709,-0.006327197906414589
2022-09-26,-0.0317848725214371,0.0138784642776763,0.0317848725214371,0.001010278121204,34,0.021853284768243213,-0.007974820490566912
2022-09-27,0.0056969781884988,0.0131676094098596,0.0056969781884988,3.245556048023156e-05,34,0.014740574832588966,-0.0015729654227293662
2022-09-28,-0.0013087402516488,0.0136627256129979,0.0013087402516488,1.7128010462858716e-06,34,0.01352296285978881,0.00013976275320908872
2022-09-29,0.0016105463345161,0.0156916771417799,0.0016105463345161,2.593859495623313e-06,34,0.013606900881447732,0.002084776260332169
2022-09-30,0.0154998121848675,0.0153434976229199,0.0154998121848675,0.0002402441777661,34,0.017438547630946964,-0.0020950500080270627
2022-10-03,-0.0081935697798306,0.0202961199763177,0.0081935697798306,6.713458573695466e-05,34,0.015430585615080592,0.004865534361237109
2022-10-04,0.0198163631156416,0.012480377707752,0.0198163631156416,0.0003926882471309,34,0.01861691051942788,-0.006136532811675879
2022-10-06,0.0059895271821389,0.0135155958532281,0.0059895271821389,3.587443586558139e-05,34,0.01482153199107659,-0.0013059361378484902
2022-10-07,0.0001781984065838,0.0108472351626523,0.0001781984065838,3.175467210901109e-08,34,0.013208281119528178,-0.002361045956875878
2022-10-10,-0.0107472941382962,0.0093856827647771,0.0107472941382962,0.000115504331295,34,0.016134343814889297,-0.006748661050112197
2022-10-11,-0.0149360554178784,0.0125345458602195,0.0149360554178784,0.0002230857514459,34,0.017284213456259613,-0.004749667596040114
2022-10-12,-0.0010250582560353,0.0093710073881189,0.0010250582560353,1.050744428266275e-06,34,0.013444039181794237,-0.004073031793675337
2022-10-13,-0.0069432785229953,0.0103996249103976,0.0069432785229953,4.820911664788796e-05,34,0.0150852755528341,-0.004685650642436499
2022-10-14,-0.0025201533788254,0.0095506498298674,0.0025201533788254,6.351173052805109e-06,34,0.013859705379419975,-0.0043090555495525745
2022-10-17,0.0008011302164173,0.0124022170335161,0.0008011302164173,6.418096236568859e-07,34,0.01338172175342788,-0.0009795047199117803
2022-10-18,0.0078693554281535,0.008931162866095,0.0078693554281535,6.192675485460964e-05,34,0.015341090458127824,-0.006409927592032823
2022-10-19,-0.0027110155170901,0.0103689279530668,0.0027110155170901,7.349605133903493e-06,34,0.013912717878902671,-0.00354378992583587
2022-10-20,-0.0028288114549142,0.0175273566032703,0.0028288114549142,8.002174247453865e-06,34,0.013945430274778306,0.003581926328491993
2022-10-21,-0.0183450510265825,0.0197462976432202,0.0183450510265825,0.0003365408971679,34,0.018215924373110315,0.001530373270109884
2022-10-24,0.0075421412883299,0.0062738691658012,0.0075421412883299,5.688389521313208e-05,34,0.015250733483029036,-0.008976864317227835
2022-10-25,-0.0018662943288526,0.0140850792164119,0.0018662943288526,3.483054521907381e-06,34,0.01367800668331982,0.0004070725330920788
2022-10-27,-0.0032699712984447,0.0194822359707074,0.0032699712984447,1.0692712292652327e-05,34,0.014067903039299353,0.005414332931408047
2022-10-28,-0.0088759219263689,0.0127450706311176,0.0088759219263689,7.878199004299706e-05,34,0.015618831254936606,-0.0028737606238190064
2022-10-31,0.0097768428431527,0.0167762251301905,0.0097768428431527,9.55866559797065e-05,34,0.01586714915889921,0.0009090759712912892
2022-11-01,0.0174214203352723,0.0151226166157732,0.0174214203352723,0.0003035058864982,34,0.017963850956162958,-0.002841234340389758
2022-11-02,0.0002781318207738,0.0099050677768091,0.0002781318207738,7.735730972695568e-08,34,0.013236113495067167,-0.003331045718258067
2022-11-03,-0.0029256362830118,0.0080910149639813,0.0029256362830118,8.5593476604751e-06,34,0.013972315619079944,-0.0058813006550986445
2022-11-04,0.0035838896704798,0.0154295528465516,0.0035838896704798,1.2844265170172298e-05,34,0.014155014064549281,0.0012745387820023192
2022-11-07,0.0016900080629297,0.0131325141881783,0.0016900080629297,2.8561272527675963e-06,34,0.013628995902877505,-0.0004964817146992043
2022-11-09,-0.0040332399526735,0.0160923923273893,0.0040332399526735,1.6267024515842388e-05,34,0.01427965254425729,0.0018127397831320096
2022-11-10,-0.0142556584826411,0.0173291265446741,0.0142556584826411,0.0002032237987736,34,0.01709781374890305,0.00023131279577105063
2022-11-11,0.0186321291456289,0.0226524919995608,0.0186321291456289,0.0003471562364993,34,0.018294217472684136,0.004358274526876663
2022-11-14,-0.0023636335896454,0.0135540784667583,0.0023636335896454,5.586763746100248e-06,34,0.01381622295170283,-0.0002621444849445313
2022-11-15,-0.0021551686104379,0.0120340053669327,0.0021551686104379,4.644751739416852e-06,34,0.013758297689208538,-0.0017242923222758385
2022-11-16,-0.0129651521997773,0.0113269659246065,0.0129651521997773,0.0001680951715633,34,0.016743867228074343,-0.005416901303467843
2022-11-17,-0.0101949354792194,0.0116304732132297,0.0101949354792194,0.0001039367094254,34,0.015982299316209217,-0.004351826102979517
2022-11-18,-0.0028434342289464,0.0136179313707246,0.0028434342289464,8.085118214344209e-06,34,0.013949490769989966,-0.00033155939926536593
2022-11-21,-0.0073870704660766,0.0118224935116765,0.0073870704660766,5.456881007078136e-05,34,0.015207900349500718,-0.0033854068378242185
2022-11-22,-0.0052599144063921,0.0134049471669616,0.0052599144063921,2.7666699562571665e-05,34,0.014619575545231923,-0.0012146283782703236
2022-11-23,-0.0044324160870893,0.0106506365631563,0.0044324160870893,1.964631236908808e-05,34,0.014390320321373872,-0.0037396837582175727
2022-11-24,0.0053910390877861,0.0140182143551282,0.0053910390877861,2.906330244603824e-05,34,0.014655883221742405,-0.000637668866614205
2022-11-25,0.0084419066118992,0.0116873308926591,0.0084419066118992,7.126578724402879e-05,34,0.015499113245892716,-0.0038117823532336156
2022-11-28,0.0020647791392072,0.0088045502262853,0.0020647791392072,4.2633128937055645e-06,34,0.013733177278516645,-0.004928627052231344
2022-11-29,0.0048725857133436,0.0183915590769368,0.0048725857133436,2.3742091533880767e-05,34,0.014512294628830007,0.0038792644481067916
2022-11-30,0.00640986218407,0.0121519272745649,0.00640986218407,4.108633321877177e-05,34,0.014937803937757349,-0.0027858766631924485
2022-12-01,0.0054065154973058,0.009550705475812,0.0054065154973058,2.923040982260833e-05,34,0.014660168191876346,-0.005109462716064345
2022-12-02,0.0033442062957682,0.015381353078664,0.0033442062957682,1.1183715748655709e-05,34,0.014088505756727356,0.0012928473219366438
2022-12-05,-0.0034235179256173,0.009305283889561,0.0034235179256173,1.1720474987023444e-05,34,0.014110515481941024,-0.004805231592380024
2022-12-06,-0.0060796758174196,0.009444147063603,0.0060796758174196,3.696245804491722e-05,34,0.014846473381166675,-0.005402326317563676
2022-12-07,-0.0083118656899574,0.0075391203412123,0.0083118656899574,6.908711124789211e-05,34,0.015463231371022637,-0.007924111029810338
2022-12-08,-0.0011194649672567,0.0103068747048692,0.0011194649672567,1.2532018129151318e-06,34,0.013470307073207304,-0.003163432368338104
2022-12-09,-0.0025451528299443,0.0116169896857862,0.0025451528299443,6.477802927773689e-06,34,0.013866649704607603,-0.0022496600188214033
2022-12-12,-0.0044736818817036,0.009162073291592,0.0044736818817036,2.001382957868391e-05,34,0.014401757990373267,-0.005239684698781267
2022-12-13,0.0059655923211267,0.0090116312712764,0.0059655923211267,3.558829174188694e-05,34,0.014814909509254223,-0.0058032782379778235
2022-12-14,0.0061580515544761,0.0078607028981887,0.0061580515544761,3.79215989475866e-05,34,0.014868155475510259,-0.0070074525773215594
2022-12-15,-0.0097700391711179,0.0072390991394024,0.0097700391711179,9.545366540517868e-05,34,0.015865274848528555,-0.008626175709126155
2022-12-16,-0.0147003117398236,0.0130032676848656,0.0147003117398236,0.0002160991652479,34,0.01721964635965827,-0.0042163786747926695
2022-12-19,0.0033956530801176,0.0126788054629519,0.0033956530801176,1.1530459840512784e-05,34,0.014102782951627944,-0.001423977488676044
2022-12-20,-0.0045367269064852,0.0068252134647342,0.0045367269064852,2.0581891024027017e-05,34,0.014419231182016254,-0.007594017717282054
2022-12-21,-0.0111333136102386,0.0201846641140764,0.0111333136102386,0.0001239506719439,34,0.01624054372975116,0.003944120384325241
2022-12-22,-0.0114221483286797,0.0132503017982065,0.0114221483286797,0.0001304654724423,34,0.016319975741881425,-0.003069673943674925
2022-12-23,-0.0376295545178123,0.0198835285088397,0.0376295545178123,0.001415983373209,34,0.023417238190615544,-0.0035337096817758436
2022-12-26,0.0198355657355164,0.0172754770335199,0.0198355657355164,0.0003934496680479,34,0.018622139399014855,-0.0013466623654949557
2022-12-27,0.0095652603230203,0.0096923407253341,0.0095652603230203,9.14942050471466e-05,34,0.015808854460654543,-0.006116513735320442
2022-12-28,0.002135656572712,0.0107391533560384,0.002135656572712,4.5610289965679786e-06,34,0.013752875259000163,-0.003013721902961763
2022-12-29,0.0005217586854075,0.0099219244703001,0.0005217586854075,2.722321257981686e-07,34,0.013303952560168579,-0.0033820280898684794
2022-12-30,0.0002357535460765,0.008369984801194,0.0002357535460765,5.5579734487650017e-08,34,0.013224311141926744,-0.004854326340732743
